scenario,lambda,mu_nurse,mu_doctor,correlation,s_nurse_max,s_doctor_max,Tmax,nurse_price,doctor_price,optimal_nurses,optimal_doctors,queue_nurses,queue_doctors,system_total_time,queue_total_time,patient_loss,queue_patient_loss,hospital_overload,queue_failure
correlated_service,19.313731067278965,7.134223918634637,3.269800891442479,0.35737944315302594,10,8,21.812835329371914,112.33889797118611,381.014506727076,3,6,3,6,15.442383674667695,15.442383674667695,0.0,0.0,0.0,0.0
correlated_service,20.59635374388199,7.086632327162375,2.787969545539498,0.34791444068316685,10,8,21.703589397024906,72.95773455211729,385.76241254235856,3,8,3,8,13.451434387813059,13.451434387813059,0.0,0.0,0.0,0.0
correlated_service,20.10506511290709,6.077125921660265,3.626597040997661,0.46271983638295167,8,6,32.498066958080344,75.06349167285961,278.889590421771,4,6,4,6,3.704455969678015,3.704455969678015,0.0,0.0,0.0,0.0
correlated_service,17.151379776368863,5.380248589248332,2.7624620016879997,0.31144478542212184,6,7,19.859356393529893,87.48925976749315,323.058684874003,4,7,4,7,2.410464551754467,2.410464551754467,0.0,0.0,0.0,0.0
correlated_service,16.072083137334374,4.072324356469566,3.3944403877126987,0.3963581150496327,4,8,39.25490881848508,90.5737143574462,469.12742244874687,4,5,4,5,25.510710808316976,25.510710808316976,0.0,0.0,0.0,0.0
correlated_service,15.92659580049124,6.946257087289652,2.405011599860755,0.6960233158572235,10,7,35.904744833643804,72.51680186678901,443.14485066923305,3,7,3,7,4.636523608300277,4.636523608300277,0.0,0.0,0.0,0.0
correlated_service,26.207709984393063,6.98708189519968,3.8843145053446295,0.31401924512506835,6,8,27.459553679212064,81.99678781069386,455.63564247241493,4,7,4,7,8.338682587329243,8.338682587329243,0.0,0.0,0.0,0.0
correlated_service,13.652124486572234,5.4685145865555,3.1949425129762137,0.5890761785071741,6,7,37.03405076859049,77.00341138079075,392.18593464656783,3,5,3,5,3.460065429886594,3.460065429886594,0.0,0.0,0.0,0.0
correlated_service,13.02344369309639,5.074535462717169,3.2988105130428935,0.6870258095757099,4,8,28.319518378929395,71.50921635792373,314.41502361772837,3,4,3,4,26.587776097124195,26.587776097124195,0.0,0.0,0.0,0.0
correlated_service,24.688171096328652,4.438409650863026,3.941464160648349,0.6325112754418225,7,8,37.05680527375979,98.07681797829865,467.3522673974802,6,7,6,7,4.113189997912418,4.113189997912418,0.0,0.0,0.0,0.0
correlated_service,15.920320562450733,5.540980138622893,3.764738011532033,0.35249295450604723,6,6,20.36888948874164,124.70767667096985,357.15809062099294,3,5,3,5,9.75325042412228,9.75325042412228,0.0,0.0,0.0,0.0
correlated_service,12.769032412269594,5.714145045454819,2.6509154760182625,0.3438645282757978,5,7,36.928357395839924,109.46170991243706,327.8173647297556,3,5,3,5,7.110766994119824,7.110766994119824,0.0,0.0,0.0,0.0
correlated_service,24.82399818629562,5.060961340199741,3.6919495578377646,0.39742452709994786,6,7,25.99017725607798,124.78184994071812,299.0647534456699,5,7,5,7,15.87670362350421,15.87670362350421,0.0,0.0,0.0,0.0
correlated_service,27.175583086683307,4.613715706780438,3.8899920294553736,0.5029014999510937,10,8,34.759439139297406,83.29352364813721,457.7649295906929,6,8,6,8,11.704020294200753,11.704020294200753,0.0,0.0,0.0,0.0
correlated_service,19.367374241964747,7.689415583947887,3.0232797609250444,0.35621110059526684,10,8,21.146053742678525,87.48357448639786,326.31945096263325,3,7,3,7,3.6793714373191038,3.6793714373191038,0.0,0.0,0.0,0.0
correlated_service,13.985934594422078,5.5290725611440354,3.203768404514932,0.6848793642316532,4,8,31.375045785686098,104.4674925341655,338.2814777569657,3,5,3,5,3.9867237643378366,3.9867237643378366,0.0,0.0,0.0,0.0
correlated_service,18.306727410931487,5.269727428292223,2.3720324347910458,0.504589612420667,4,8,31.09687402998093,96.11492441636022,312.56852881646944,4,8,4,8,6.175200922477103,6.175200922477103,0.0,0.0,0.0,0.0
correlated_service,12.333913255817325,5.9495019849770125,3.120872874812299,0.6379560130172025,6,6,18.233547889363486,86.72648041646038,462.6396610876549,3,5,3,5,1.9039165455775247,1.9039165455775247,0.0,0.0,0.0,0.0
correlated_service,12.337958411531671,4.023441617843309,2.3989564979401825,0.678227814439595,10,7,29.61335293625924,111.84521748102523,413.3846896993697,4,6,4,6,2.5278004642878584,2.5278004642878584,0.0,0.0,0.0,0.0
correlated_service,14.49071955498766,7.202281415120162,3.8782630587159375,0.4937853078723563,4,4,26.82650319091959,83.20519800067844,288.30686762702373,3,4,3,4,4.917834274658118,4.917834274658118,0.0,0.0,0.0,0.0
correlated_service,12.638033936259571,7.683166438031071,3.8795749333223553,0.41354243851682887,5,5,25.417091969846553,104.26628019166984,327.1304079738702,2,4,2,4,3.8656470969084125,3.8656470969084125,0.0,0.0,0.0,0.0
correlated_service,12.66731489014746,4.600136504018327,3.594971526884943,0.5745058193414769,7,7,32.33763319230826,111.84046583310808,457.75235217083434,3,4,3,4,6.782663581423205,6.782663581423205,0.0,0.0,0.0,0.0
correlated_service,12.185791828185245,7.729352108061139,3.290445007659052,0.3194231962353875,4,8,23.138271377834165,99.14470406253633,431.11336445646793,2,4,2,4,5.536065353625519,5.536065353625519,0.0,0.0,0.0,0.0
correlated_service,12.092540517633259,5.745438108874872,2.2834330846513993,0.39784306802895775,8,6,35.308332764883836,120.19925463448229,364.3074878048059,3,6,3,6,2.4998743458330943,2.4998743458330943,0.0,0.0,0.0,0.0
correlated_service,14.365525633764324,4.594945267685585,2.4115370171467054,0.44924158625285504,8,6,28.315777471673243,117.36924769413767,361.70107799463835,5,6,4,6,27.806600492501858,28.39868017826753,0.0,1.0,0.0,0.0
correlated_service,12.159021241280936,7.421392072156156,3.17563951856014,0.643685118924215,7,6,19.6084354007937,108.7539834521815,294.36186115466717,2,4,2,4,9.79282610136345,9.79282610136345,0.0,0.0,0.0,0.0
correlated_service,24.56673086607408,5.99750067844374,3.583692727240355,0.4026376282685907,7,8,35.19501112296748,106.75856719254006,320.22147091978184,5,7,5,7,8.799706622559507,8.799706622559507,0.0,0.0,0.0,0.0
correlated_service,16.769956540894746,7.115720176214925,3.2440264681891886,0.682572367595178,4,8,21.865246381104612,95.87002179918143,414.47467917607776,3,6,3,6,2.8024925513398444,2.8024925513398444,0.0,0.0,0.0,0.0
correlated_service,13.80131776105174,4.618586705094098,3.000004145651868,0.4932997351747045,7,7,20.528918798617013,66.11165730577643,298.1015573128262,4,5,4,5,3.6764448169106747,3.6764448169106747,0.0,0.0,0.0,0.0
correlated_service,15.022059572060716,4.350002784932353,2.452092205331428,0.5675828590642016,6,8,39.09590657817388,89.62587612499884,364.8109874612593,4,7,4,7,3.310698996687774,3.310698996687774,0.0,0.0,0.0,0.0
correlated_service,20.958868953807,5.063800921280961,3.6592508327693736,0.5263257097719289,6,8,19.268048695225914,78.87755041641529,303.04430679400974,5,6,5,6,5.326544721535093,5.326544721535093,0.0,0.0,0.0,0.0
correlated_service,25.93614764108805,4.74286259444762,3.421186051163718,0.5862597230011781,8,8,30.193025971134816,100.28875655482514,349.54812829520165,6,8,6,8,4.871284413758859,4.871284413758859,0.0,0.0,0.0,0.0
correlated_service,17.018661618404455,5.908643288539924,3.0833220785185578,0.4018440471968219,5,8,38.922352478660905,116.45218463100927,342.44208849338645,3,6,3,6,11.454413062283038,11.454413062283038,0.0,0.0,0.0,0.0
correlated_service,12.637873306177841,4.192363191610252,2.9778844459208917,0.3298725111361622,5,8,22.985512389328424,85.2800617910793,440.58663554611843,4,5,4,5,2.2182805677808743,2.2182805677808743,0.0,0.0,0.0,0.0
correlated_service,14.865954316136415,5.500351629685373,3.77126798793548,0.5196579453623209,5,7,35.93566926004598,79.989059680384,367.761493394392,3,4,3,4,23.98906578771615,23.98906578771615,0.0,0.0,0.0,0.0
correlated_service,15.543586580634676,5.613784508247223,3.049935156215127,0.37295261048043726,10,8,26.598618952720322,123.61350285571623,274.82505102923034,3,6,3,6,5.638266521171513,5.638266521171513,0.0,0.0,0.0,0.0
correlated_service,17.68433611343341,7.86037721674586,3.2454890324556116,0.48416858301695276,4,8,22.162300057641517,118.05408947256845,359.56014821094203,3,6,3,6,3.0688928689336437,3.0688928689336437,0.0,0.0,0.0,0.0
correlated_service,26.030967021573893,7.304683903498984,3.754787401659428,0.44395408319581087,4,7,24.074134464304734,77.49012386741155,370.6646180636439,4,7,4,7,19.554829226004543,19.554829226004543,0.0,0.0,0.0,0.0
correlated_service,13.013914549451288,4.8332616085035145,3.8659030741563907,0.6464915931075325,9,4,27.302321080075092,114.15619204177037,367.24397428172836,3,4,3,4,5.250389175692442,5.250389175692442,0.0,0.0,0.0,0.0
correlated_service,19.08755153865649,6.17513639557262,2.9292654949162036,0.6180847288930384,9,8,34.712522319369796,80.48239476328952,336.47706220326927,4,7,4,7,3.446642898719882,3.446642898719882,0.0,0.0,0.0,0.0
correlated_service,12.327136890729042,5.959378689602373,2.7646635382356983,0.6785523280697633,7,5,18.150519581458052,68.16256627839391,284.48134255025786,3,5,3,5,3.0727532662917,3.0727532662917,0.0,0.0,0.0,0.0
correlated_service,17.89600963732812,4.46305343724079,3.7312242244805782,0.37618616045679903,7,7,26.140358167322386,88.9617238136151,390.9137547753383,5,5,5,5,6.296531861576487,6.296531861576487,0.0,0.0,0.0,0.0
correlated_service,18.587045933857855,7.700770781861719,3.9304604415854727,0.6879870702887744,6,6,37.85215863730623,94.17462416060025,457.7227910127657,3,5,3,5,5.996917084709472,5.996917084709472,0.0,0.0,0.0,0.0
correlated_service,22.58259281973455,6.459282558707199,3.860002887142164,0.537407583136145,4,6,32.59949368688568,87.51407265837732,272.1725490389183,4,6,4,6,9.846168139871109,9.846168139871109,0.0,0.0,0.0,0.0
correlated_service,13.108478940614384,5.206188119061881,3.6679859400501615,0.34893226048317705,8,4,38.67924338312683,118.32637510292605,307.30530195143643,3,4,3,4,4.283761340643403,4.283761340643403,0.0,0.0,0.0,0.0
correlated_service,14.393945464542563,7.980076025808035,3.5813283293823344,0.43213416113052605,7,7,33.62808646932859,112.14853461334765,337.6979762740871,2,5,2,5,6.257287347276755,6.257287347276755,0.0,0.0,0.0,0.0
correlated_service,22.035809783401678,4.386428510457096,2.7891761923129863,0.3536860589040749,10,8,26.900443641611034,115.63998316930868,454.7916154164888,6,8,6,8,12.376756022875202,12.376756022875202,0.0,0.0,0.0,0.0
correlated_service,12.21393324606017,6.200503731589768,3.0991797922244597,0.3690696766971968,10,8,21.04153192954313,68.64014508864986,376.6385958845943,3,4,3,4,19.860502752464082,19.860502752464082,0.0,0.0,0.0,0.0
correlated_service,27.027894877486325,7.426362609562965,3.455883957928554,0.6220791758828677,5,8,36.29958924968122,105.82252269963408,329.9084614883119,4,8,4,8,9.800102510697124,9.800102510697124,0.0,0.0,0.0,0.0
correlated_service,13.109809859447525,4.937236468248386,3.4713458215747997,0.5562886245133669,10,6,19.764673513891193,117.78654736470034,287.26113878268313,3,4,3,4,8.214451258603221,8.214451258603221,0.0,0.0,0.0,0.0
correlated_service,13.047167701705215,4.365723568415698,2.562582954242013,0.3299625565204985,8,6,27.43543388972992,108.33854788801028,374.3097186430009,4,6,4,6,2.0393235648236607,2.0393235648236607,0.0,0.0,0.0,0.0
correlated_service,21.46615098720146,7.512535855374907,3.53963474023253,0.5086213896103754,8,7,20.189039250169966,107.58849560088936,455.02589200785974,3,7,3,7,9.009603107486392,9.009603107486392,0.0,0.0,0.0,0.0
correlated_service,22.274605955800993,4.615392510313465,3.3444640713920393,0.4512042315875785,5,7,26.91868060986554,79.58860163652407,325.1877645658136,5,7,5,7,9.799374700940731,9.799374700940731,0.0,0.0,0.0,0.0
correlated_service,14.856209462043974,5.827166530986888,2.605998553592535,0.5967758068308904,4,7,23.06741867471346,114.16403113566392,306.2060106418491,3,6,3,6,6.2799219599706175,6.2799219599706175,0.0,0.0,0.0,0.0
correlated_service,21.059991225633762,5.671370299378617,3.8561243962864173,0.6881583259517497,6,7,37.72440370422581,104.73343926350607,389.6817386965528,4,6,4,6,6.130970775909898,6.130970775909898,0.0,0.0,0.0,0.0
correlated_service,14.727480724277454,5.348089771005036,3.650643471750463,0.46400454698380567,10,5,30.757329835582823,104.87502303434925,414.15551098144306,3,5,3,5,5.330896842219848,5.330896842219848,0.0,0.0,0.0,0.0
correlated_service,12.982169966316816,4.173471118835181,3.7554483267655483,0.5366911435956405,5,5,29.817160068973244,86.51241530290835,458.8898769343213,4,4,4,4,2.9780411789675494,2.9780411789675494,0.0,0.0,0.0,0.0
correlated_service,18.67292926990867,7.629898426034921,3.5201395628588337,0.36366482385165727,8,7,25.21774972679699,65.38725920841246,437.6679760199578,3,6,3,6,3.027138327114773,3.027138327114773,0.0,0.0,0.0,0.0
correlated_service,13.579762575230017,7.212412771785818,3.561573483543664,0.5150958188575114,7,7,20.841982828169154,109.63410614414511,367.2264710269449,2,4,2,4,15.692367363919164,15.692367363919164,0.0,0.0,0.0,0.0
correlated_service,13.221630447688039,5.307423883862443,2.4725786918842525,0.6072714560737476,4,7,30.51209283879881,108.11852279967624,380.1858920178704,3,6,3,6,3.809388637594987,3.809388637594987,0.0,0.0,0.0,0.0
correlated_service,18.09817245298572,6.417003183339941,3.9594077436438395,0.6652304680178351,9,7,18.075750772912635,105.82354500776233,463.9304744233533,3,5,3,5,9.126415353413865,9.126415353413865,0.0,0.0,0.0,0.0
correlated_service,17.54508741192592,6.569592913198182,3.7196979682725377,0.318633963273765,8,7,37.75249343800975,86.9571184212069,406.83532510182465,3,5,3,5,6.644889335627584,6.644889335627584,0.0,0.0,0.0,0.0
correlated_service,26.12205099446426,6.516034989421888,3.808343595190725,0.6705088484904593,7,7,19.45019114697094,67.7419912817498,284.022505451897,5,7,5,7,9.706778840921283,9.706778840921283,0.0,0.0,0.0,0.0
correlated_service,17.477087259455615,5.972304725195189,2.602533641298188,0.37157051939001223,4,8,29.892456946261397,102.66831061377863,400.42477606224446,3,7,3,7,19.06794237872609,19.06794237872609,0.0,0.0,0.0,0.0
correlated_service,23.96104376122024,4.176211667267291,3.3244732487792223,0.3162456849422365,9,8,28.20229509379925,81.52771428679145,428.15532119623924,6,8,6,8,5.394121431907894,5.394121431907894,0.0,0.0,0.0,0.0
correlated_service,14.205353162018783,6.3313823553816455,2.9861555711552707,0.5184144942894866,5,8,33.74286847413441,72.92577150911944,440.46355417722873,3,5,3,5,5.875486599219007,5.875486599219007,0.0,0.0,0.0,0.0
correlated_service,19.037462136438137,7.2271354658903935,3.910338527364325,0.39783375774996327,4,8,30.106463799206164,80.14821169041502,432.80000919816496,3,5,3,5,11.164157539333273,11.164157539333273,0.0,0.0,0.0,0.0
correlated_service,18.71186694861713,5.524617979826173,2.7441958187350455,0.3822873599755265,7,7,32.98193074061904,88.9524360786088,288.8163171469908,4,7,4,7,7.784954396724175,7.784954396724175,0.0,0.0,0.0,0.0
correlated_service,13.72406763474012,6.753859191150325,2.308689835369024,0.4043769065000512,4,7,35.26565716723738,100.30321883215265,384.7509850977875,3,6,3,6,21.635003744775798,21.635003744775798,0.0,0.0,0.0,0.0
correlated_service,14.13313045916989,5.372853990015884,2.4156363352048604,0.43399448955937114,5,7,19.38045830714862,91.73888242917887,436.58837631919516,3,6,3,6,10.495802572779622,10.495802572779622,0.0,0.0,0.0,0.0
correlated_service,17.843439466854235,4.567355996214019,2.7303726235888224,0.6920182084833607,4,7,34.69593626890619,109.22127994505479,411.6378192729193,4,7,4,7,15.958059911706346,15.958059911706346,0.0,0.0,0.0,0.0
correlated_service,17.182765687582425,5.91087175092892,2.7875825026432888,0.34889355130098193,10,7,32.5600457767653,95.54261040726219,345.80716984435554,3,7,3,7,13.055499917351897,13.055499917351897,0.0,0.0,0.0,0.0
correlated_service,15.359045157280205,4.540773879807295,2.710170501179922,0.31993804426408695,7,8,23.836707884905138,93.66292281524369,454.90180224244625,4,6,4,6,4.794095866095503,4.794095866095503,0.0,0.0,0.0,0.0
correlated_service,17.439976518223723,7.525263209680503,3.071572274451529,0.6137014683579285,4,8,36.88095730815117,95.51354355988813,393.0244043483441,3,6,3,6,4.981168908149081,4.981168908149081,0.0,0.0,0.0,0.0
correlated_service,23.657087043286506,5.10280007182841,3.638646178758114,0.34617768350366995,9,8,30.082335983975565,109.63801749087033,308.7854143672061,5,7,5,7,4.933556940273255,4.933556940273255,0.0,0.0,0.0,0.0
correlated_service,13.671482028286155,7.384229005585016,3.954497388085038,0.662774828257836,8,6,32.43313032185941,89.39426054088509,301.0339739058986,2,4,2,4,9.741540970731853,9.741540970731853,0.0,0.0,0.0,0.0
correlated_service,20.9006739956494,6.7240789802223,2.735519798256531,0.6606473415501664,4,8,30.381547133367846,113.26202345510717,405.7962035504394,4,8,4,8,4.46011458616184,4.46011458616184,0.0,0.0,0.0,0.0
correlated_service,14.537996909122718,4.440140703521125,3.4174678396577747,0.4277470967858979,7,8,29.558959919203126,113.3415500904762,394.89464369822514,4,5,4,5,2.6534435292401355,2.6534435292401355,0.0,0.0,0.0,0.0
correlated_service,14.710864615683159,5.95974988909036,3.758753438585065,0.4117241725838092,5,4,22.161764767588405,114.319869784889,307.00300006994064,3,4,3,4,14.870486373163276,14.870486373163276,0.0,0.0,0.0,0.0
correlated_service,18.19874885013384,6.886529762861956,3.0084554308499714,0.43204876009069215,4,7,19.196557106425956,91.61864302352927,343.41095965532094,3,7,3,7,3.9096403217520237,3.9096403217520237,0.0,0.0,0.0,0.0
correlated_service,26.03870243547481,7.568551976320145,3.7708575471195513,0.3950011612777609,8,7,30.356500093548583,79.55713465232795,377.7558017070129,4,7,4,7,13.653394862437223,13.653394862437223,0.0,0.0,0.0,0.0
correlated_service,14.065526198542564,4.539488959218839,3.404868273865419,0.6086480831981989,4,7,20.88738283147816,108.52531386286478,406.42912934939966,4,5,4,5,2.2665630987442382,2.2665630987442382,0.0,0.0,0.0,0.0
correlated_service,12.526794414642913,6.838183994653669,3.9863152281031162,0.42471619994257725,9,5,33.64542013667115,107.93214863919954,310.24306326974505,2,4,2,4,7.337657488806335,7.337657488806335,0.0,0.0,0.0,0.0
correlated_service,12.602526294130609,7.159781672387698,2.019570494374225,0.3632463954390051,5,7,29.952376370806455,95.88410359942205,369.2143742504271,2,7,2,7,5.714393537679903,5.714393537679903,0.0,0.0,0.0,0.0
correlated_service,14.546977529352144,6.329377507555137,2.783734817393251,0.5402816590980918,9,8,34.12947045369239,74.03534097006424,464.9052695945925,3,6,3,6,2.71132339008349,2.71132339008349,0.0,0.0,0.0,0.0
correlated_service,18.13885576913976,6.218341013383162,2.7280947502239066,0.5569041596839344,7,8,34.43861439263155,74.87027485723311,279.8981553805236,3,7,3,7,17.58656207196706,17.58656207196706,0.0,0.0,0.0,0.0
correlated_service,22.64141232083059,7.546127551843281,3.989618396688512,0.39376364193506747,7,8,23.479877150856993,119.5099460563651,317.11013148531026,4,6,4,6,4.078886959897473,4.078886959897473,0.0,0.0,0.0,0.0
correlated_service,20.04593607837094,4.730383947847692,3.999239926905795,0.3792375064078548,9,8,24.241846362296222,115.00074722853657,293.31815128940025,5,6,5,6,2.202879230222637,2.202879230222637,0.0,0.0,0.0,0.0
correlated_service,14.94508033496596,7.128070834041189,3.5570345900095797,0.6226898231006817,7,6,29.568634055151186,70.38949080856806,431.33149673435696,3,5,3,5,2.197369474675261,2.197369474675261,0.0,0.0,0.0,0.0
correlated_service,15.960615461647036,7.6192613247082015,2.222786659104799,0.5848561532078553,4,8,24.37909672052774,80.82272249164953,340.75021330907555,3,8,3,8,2.431017082018857,2.431017082018857,0.0,0.0,0.0,0.0
correlated_service,14.748569110239394,6.880172979861964,3.339523019065231,0.5333053869636397,4,5,38.7154725194259,86.02232044874401,326.84934152088016,3,5,3,5,2.7760244713129874,2.7760244713129874,0.0,0.0,0.0,0.0
correlated_service,16.43229861145423,4.461396684249593,2.70034986118573,0.3356010367382394,9,7,36.12507178767386,102.99185296845064,279.45811080055626,4,7,4,7,4.444484749947001,4.444484749947001,0.0,0.0,0.0,0.0
correlated_service,14.020771861879338,4.758477375399186,2.9785449771056136,0.357584289510915,6,6,32.44924018175455,77.93980163068873,409.6402711936541,3,5,3,5,24.614905448043043,24.614905448043043,0.0,0.0,0.0,0.0
correlated_service,21.156653476536988,5.605509681910528,3.173878872046878,0.42573817158755917,10,8,37.18863751972993,109.05217407864308,430.8492011622643,4,7,4,7,8.143220354437727,8.143220354437727,0.0,0.0,0.0,0.0
correlated_service,13.4499635893814,6.5748776925048205,3.2814729931626356,0.39518791688072924,8,5,35.73534164690835,66.14861840356608,452.9454069937759,3,5,3,5,1.8563765364721727,1.8563765364721727,0.0,0.0,0.0,0.0
correlated_service,13.83950146768499,7.215079703531501,2.6029110338046033,0.5376628067640604,4,8,33.67439152936076,88.20925571492266,284.1772810967732,2,6,2,6,15.830366888755798,15.830366888755798,0.0,0.0,0.0,0.0
correlated_service,18.576643117231534,4.3157276995369305,3.868356215426015,0.40414864769614506,5,5,32.01575762743404,97.22392863704994,424.2705022170966,5,5,5,5,7.002620883411258,7.002620883411258,0.0,0.0,0.0,0.0
correlated_service,23.69624301623127,5.66027573439695,3.4947934967734717,0.40644310104562725,8,8,30.64540024140183,123.57783734399555,315.5251134626215,5,7,5,7,6.240630759671997,6.240630759671997,0.0,0.0,0.0,0.0
correlated_service,18.62900236813799,7.94373660569027,3.829773410233668,0.39442843530349736,10,5,32.994573327427915,100.12509639494257,450.8371094017983,3,5,3,5,9.496179546467863,9.496179546467863,0.0,0.0,0.0,0.0
correlated_service,14.60115406283864,7.9440575689384705,2.0266789651177377,0.3460558353949485,8,8,32.8334780899838,81.47288082262581,271.9721220162089,2,8,2,8,7.896478073746468,7.896478073746468,0.0,0.0,0.0,0.0
correlated_service,14.268786453398354,6.491616729145071,3.7348821616524406,0.665218319925402,4,5,34.586056254944495,69.33750106550556,382.4135080303437,3,4,3,4,7.749385223294314,7.749385223294314,0.0,0.0,0.0,0.0
correlated_service,21.064134056960704,4.7608703482910695,3.619736923323014,0.5704438609347892,10,8,36.61814425716648,75.18766011889555,452.7601013338492,5,6,5,6,8.390269518516742,8.390269518516742,0.0,0.0,0.0,0.0
correlated_service,12.429621796862925,5.989527827003457,2.023037404164016,0.37735525551679494,9,8,34.128071285178756,110.44645161065239,402.4586004126491,3,7,3,7,2.2512762670682136,2.2512762670682136,0.0,0.0,0.0,0.0
correlated_service,15.676165837784641,7.559828339164605,2.6350112109417525,0.47019578974747567,10,6,28.37529397676289,94.75694622376585,283.9223136621585,3,6,3,6,24.056327245056746,24.056327245056746,0.0,0.0,0.0,0.0
correlated_service,12.379266819059543,7.931164773623662,2.908507565374385,0.41118670846851074,4,6,25.259927251597652,98.26776599651929,421.09490256930246,2,5,2,5,3.390052335439207,3.390052335439207,0.0,0.0,0.0,0.0
correlated_service,12.353063783930697,6.310576251289694,2.2498853997654806,0.6575146094663183,9,6,38.623347508044205,75.98797325688628,287.4287977258986,2,6,2,6,31.47397585572599,31.47397585572599,0.0,0.0,0.0,0.0
correlated_service,14.347190106194425,5.248139599594863,3.145323261931895,0.5404529245590827,6,8,35.05245724072489,119.35138641196843,388.5970981324429,3,5,3,5,6.6332682467367325,6.6332682467367325,0.0,0.0,0.0,0.0
correlated_service,12.479311217320973,6.9151435147641,3.620082975513241,0.561385702478006,5,8,25.587748922714766,105.53885287238428,304.4206202441455,2,4,2,4,7.458209978869799,7.458209978869799,0.0,0.0,0.0,0.0
correlated_service,13.404409089488452,5.271076481974509,3.7701095305835555,0.34900079955250596,9,4,27.262865428938806,120.64221682910917,278.1090792928354,3,4,3,4,4.291922133878943,4.291922133878943,0.0,0.0,0.0,0.0
correlated_service,20.40061411634803,7.724852110875178,3.076991248440428,0.42205493354719775,9,7,32.92114035666661,95.36600740186817,432.6973198963314,3,7,3,7,5.752584243107108,5.752584243107108,0.0,0.0,0.0,0.0
correlated_service,20.029477701405618,6.476210509099967,3.4096598986612143,0.5165866727065774,6,7,39.77647750569743,104.08922045467183,444.87728329537885,4,6,4,6,10.32148952284784,10.32148952284784,0.0,0.0,0.0,0.0
correlated_service,18.66222445700467,7.653860038637701,3.4058086182227703,0.6941788891323185,10,8,28.415823426503216,98.80294173581393,329.12716978812875,3,6,3,6,3.9579725743279695,3.9579725743279695,0.0,0.0,0.0,0.0
correlated_service,26.201369428588976,7.591773043328818,3.9480473425467,0.46483311807754024,8,8,19.406758073381845,96.28056586637513,352.48689462465865,4,7,4,7,4.770275405080542,4.770275405080542,0.0,0.0,0.0,0.0
correlated_service,12.850399509333387,5.468143148631565,2.731933278399975,0.6900354293623278,6,6,26.503692102035906,97.84077263722415,338.8022956332085,3,5,3,5,5.605313523152217,5.605313523152217,0.0,0.0,0.0,0.0
correlated_service,26.32531105093873,6.030382562439545,3.830262729760274,0.4384628373798632,7,8,37.697146150858835,78.96796998418188,357.84957976761524,5,7,5,7,10.557804777069547,10.557804777069547,0.0,0.0,0.0,0.0
correlated_service,14.932308037714945,6.854634811231779,3.0951929510459166,0.3027263462381601,9,6,39.212540005958516,110.5848794862543,276.45234287408744,3,5,3,5,7.0808936346090485,7.0808936346090485,0.0,0.0,0.0,0.0
correlated_service,14.207856676426161,5.708201920328838,3.8791399511665965,0.5165065172557384,9,4,26.889767818427444,96.29662729189374,308.59248563673754,3,4,3,4,5.097790627423416,5.097790627423416,0.0,0.0,0.0,0.0
correlated_service,19.293081240743945,6.96024901028218,2.7516794173786323,0.3118040895554821,10,8,31.08860544727174,99.86420925696942,373.6872697569934,3,8,3,8,5.536633449955899,5.536633449955899,0.0,0.0,0.0,0.0
correlated_service,21.42036246309257,4.6030161780188585,3.28545065258424,0.6681888718186815,7,8,33.86311260758106,77.20810211831258,365.5366534884456,5,7,5,7,5.825372481603382,5.825372481603382,0.0,0.0,0.0,0.0
correlated_service,14.74831544485188,4.959105712716762,2.5927451522479474,0.660849815831425,10,7,25.82818698058517,115.13275092445133,343.25691274976026,4,6,4,6,4.847516396171041,4.847516396171041,0.0,0.0,0.0,0.0
correlated_service,12.60583303525682,5.085625668094959,3.2126591727036327,0.458614772012679,9,6,26.73713474478161,104.31846471630664,429.9713987207307,3,4,3,4,17.048098279520495,17.048098279520495,0.0,0.0,0.0,0.0
correlated_service,17.03497119143644,7.395118266544527,3.7585735902729613,0.3523479708216599,5,7,32.70750726700988,83.72845937715692,297.32620140687584,3,5,3,5,3.3290825209355717,3.3290825209355717,0.0,0.0,0.0,0.0
correlated_service,19.853209544194662,5.876087326021652,3.9188010331799017,0.3851463785340312,9,8,35.27393747866492,77.61364851973406,422.80407254934056,4,6,4,6,2.5080153440531565,2.5080153440531565,0.0,0.0,0.0,0.0
correlated_service,21.448065421927815,7.000053308833402,3.0359323735640977,0.3492970491613998,7,8,37.57530671048724,88.00351002777015,349.9724851989715,4,8,4,8,1.991474814880207,1.991474814880207,0.0,0.0,0.0,0.0
correlated_service,12.934964273747587,5.256337128294656,3.9331780535180862,0.5828153815730713,5,7,18.89946715985991,115.03204813574442,368.29196851391504,3,4,3,4,3.2085909659890715,3.2085909659890715,0.0,0.0,0.0,0.0
correlated_service,17.81264306377774,6.37069356626755,3.480172272986299,0.6796771432379058,6,8,28.89066751878604,90.71630711037167,315.5742810070996,3,6,3,6,6.926791032029522,6.926791032029522,0.0,0.0,0.0,0.0
correlated_service,15.301070898973466,5.72890473908298,3.3747893817559733,0.5090838561908858,10,6,28.586985001784775,88.41711828925867,370.98462759423217,3,5,3,5,5.500569063662405,5.500569063662405,0.0,0.0,0.0,0.0
correlated_service,13.395641185929495,7.035962758583894,2.525462998865094,0.348396862174063,6,7,19.501857397555,71.94703882542302,340.34659607013043,2,6,2,6,12.768911120500587,12.768911120500587,0.0,0.0,0.0,0.0
correlated_service,16.558684349559286,4.690368828184877,3.5176185305145333,0.5169844064093255,4,8,34.46091312237394,74.60818826102282,427.81881651505006,4,5,4,5,6.071612313100365,6.071612313100365,0.0,0.0,0.0,0.0
correlated_service,17.264244116745587,5.374063841148839,3.6315587333143773,0.633227072155956,10,6,32.32869916008608,123.72707215441083,409.6833490115383,4,5,4,5,6.017261527112687,6.017261527112687,0.0,0.0,0.0,0.0
correlated_service,17.467884289876906,4.77445355826716,3.9834779083115617,0.5452649467917707,8,6,28.355427672836846,95.60867745709062,346.4675043986174,4,5,4,5,4.88848880952504,4.88848880952504,0.0,0.0,0.0,0.0
correlated_service,24.078368096510925,7.542940346710436,3.8578400916967426,0.6589021873950014,10,7,32.50148607783328,87.9561416404426,325.22882650598484,4,7,4,7,2.586021182545493,2.586021182545493,0.0,0.0,0.0,0.0
correlated_service,17.641275512971525,5.083896375603433,2.6167663130159697,0.328269979241765,6,8,28.164471355772072,72.27836896268177,279.4214052211667,4,7,4,7,6.102208492957763,6.102208492957763,0.0,0.0,0.0,0.0
correlated_service,18.566892944815606,7.85979618136521,3.964345680512931,0.5184690895350859,10,5,30.514197425168042,72.41638970360192,376.10265768946084,3,5,3,5,4.873576513425757,4.873576513425757,0.0,0.0,0.0,0.0
correlated_service,19.506745236501338,7.825343412722697,3.7288549649483924,0.36277142636761367,6,8,35.02047192172114,86.06227782930797,443.6944380706078,3,6,3,6,3.0332109251170554,3.0332109251170554,0.0,0.0,0.0,0.0
correlated_service,23.947146992041482,6.147533414279693,3.485519153912576,0.6132640325254242,9,7,21.582141078497195,96.77035383361827,288.1167631846524,4,7,4,7,20.86686004081405,20.86686004081405,0.0,0.0,0.0,0.0
correlated_service,13.728483219016598,7.329424352146602,2.7394156978526647,0.30908974623531865,4,6,22.988557186747006,114.11738197758798,433.14447198824945,2,6,2,6,9.25447530853546,9.25447530853546,0.0,0.0,0.0,0.0
correlated_service,16.017824082125635,7.648914775912627,2.9071788684487303,0.4192489868359438,9,6,30.993990721127226,84.04799498314047,434.72293957165664,3,6,3,6,3.0549204836207826,3.0549204836207826,0.0,0.0,0.0,0.0
correlated_service,14.527146736679907,5.054221100219327,3.1363652541559532,0.46264179525772914,5,5,31.850196425328694,99.86159004814526,392.05127532605275,3,5,3,5,11.94769339352936,11.94769339352936,0.0,0.0,0.0,0.0
correlated_service,18.937748900800397,5.221829291465449,3.5434030795447375,0.6745455304263399,9,7,30.506481048996967,114.04795306534214,281.47035703720417,4,6,4,6,4.7175660671909645,4.7175660671909645,0.0,0.0,0.0,0.0
correlated_service,12.930643678999331,5.800278858207498,2.2615302273083,0.43639657314554126,8,6,33.8801506505165,76.43931203252072,388.09520720790204,3,6,3,6,5.203642441551528,5.203642441551528,0.0,0.0,0.0,0.0
correlated_service,27.659928537466484,6.665342134386199,3.508287845069259,0.4634560001066063,6,8,23.271390703990704,85.31270403552986,431.3171785608048,5,8,5,8,11.129046561979466,11.129046561979466,0.0,0.0,0.0,0.0
correlated_service,13.907128765876136,4.037663897532582,3.006931270425679,0.632783852093902,8,5,33.74264125099722,65.4814093289581,287.9065931721343,4,5,4,5,5.06771206533325,5.06771206533325,0.0,0.0,0.0,0.0
correlated_service,13.275252465154848,6.767812567757794,2.1172423585711533,0.4642042738141008,7,8,29.802813900895472,85.87074122736396,362.6073525394872,3,7,2,7,2.3738695416749658,31.819654503423095,0.0,1.0,0.0,0.0
correlated_service,15.330353454891034,4.4382395591732955,3.1634036291021976,0.4792735470634597,8,5,24.383108562135202,121.91776392341299,290.18728635749363,4,5,4,5,9.364826624506852,9.364826624506852,0.0,0.0,0.0,0.0
correlated_service,21.535458842565674,4.828804899742293,3.8669629184904197,0.5321416494089857,10,7,32.08561639318488,65.25014932058038,282.1206141224379,5,6,5,6,4.515647155826638,4.515647155826638,0.0,0.0,0.0,0.0
correlated_service,19.971912887288156,4.412525455335972,3.441928133064521,0.36568558421089015,5,7,29.452054616499247,79.315382771022,446.3166813208435,5,6,5,6,7.751583980666071,7.751583980666071,0.0,0.0,0.0,0.0
correlated_service,20.123226256974828,6.101110750094002,3.92619921780437,0.6423093198838722,6,8,29.844513833699153,110.56721887541987,349.95487443208503,4,6,4,6,2.5853713812622323,2.5853713812622323,0.0,0.0,0.0,0.0
correlated_service,16.643579702661384,6.570260931957703,2.8696596006552575,0.4458879612472968,5,7,36.328001548096104,91.56738106835351,330.24197970882256,3,6,3,6,7.763081251714219,7.763081251714219,0.0,0.0,0.0,0.0
correlated_service,12.505831149563196,5.487903566220295,3.535295578955692,0.4492626927630357,7,7,36.75371641462789,119.43871302175324,281.0890506102374,3,4,3,4,3.430789942953379,3.430789942953379,0.0,0.0,0.0,0.0
correlated_service,13.000062520117845,5.327710199430669,3.337871697983058,0.5491678127958459,8,7,19.451345148282876,106.98458390428667,397.0038833624324,3,4,3,4,12.967263737390814,12.967263737390814,0.0,0.0,0.0,0.0
correlated_service,15.799826929412978,7.197350894107777,3.3201197904633943,0.6827080545283332,10,6,34.30121450527868,99.7204558118748,389.3284146833639,3,5,3,5,6.069648212783623,6.069648212783623,0.0,0.0,0.0,0.0
correlated_service,13.262296002064913,4.155898973858596,2.8492719922069063,0.4642772947061518,7,8,36.396384068598564,68.60951587719184,431.35824408974133,4,5,4,5,4.42973900753809,4.42973900753809,0.0,0.0,0.0,0.0
correlated_service,21.176255247349395,5.341670231520581,3.525176745848278,0.6996092612579252,8,7,19.855340585777874,84.56104633776432,333.72463277682493,5,7,5,7,2.064925482590732,2.064925482590732,0.0,0.0,0.0,0.0
correlated_service,14.216284501767058,6.815541941527439,2.329706351891657,0.6413333736393394,5,7,37.00651418748604,100.9703692790446,374.67928582238756,3,7,3,7,2.2993117040330477,2.2993117040330477,0.0,0.0,0.0,0.0
correlated_service,18.434093288213035,7.755995508875737,3.9237741451669725,0.34859574987126307,8,5,23.058998885484208,78.97628987432928,337.39769316137347,3,5,3,5,4.817426136233289,4.817426136233289,0.0,0.0,0.0,0.0
correlated_service,15.38544316597402,7.115042700217986,3.8829654208063458,0.3398205855827763,7,4,35.47433198405253,118.3306861754868,355.23380653788655,3,4,3,4,30.658523260852526,30.658523260852526,0.0,0.0,0.0,0.0
correlated_service,17.35120722970266,4.930950051027296,3.698820347052565,0.3229212171097179,7,5,21.554352852548725,77.65097043845881,372.92328718683007,4,5,4,5,5.393740317048695,5.393740317048695,0.0,0.0,0.0,0.0
correlated_service,13.763532247792728,5.903744956279659,3.536988062177118,0.4941568261450222,10,6,35.71811804225512,70.15668712989282,397.4861662892381,3,4,3,4,11.997424254450731,11.997424254450731,0.0,0.0,0.0,0.0
correlated_service,12.36615276346264,4.7331480804832715,3.3034568813077723,0.4955196875699799,5,5,21.786037678974512,76.68145218120934,388.83089440962726,3,4,3,4,7.009156180601765,7.009156180601765,0.0,0.0,0.0,0.0
correlated_service,20.9712108125311,6.772894172845554,3.570115980885717,0.30209226077661705,8,8,34.822072268478664,118.6145653627865,374.39179915384705,4,6,4,6,9.553180180755632,9.553180180755632,0.0,0.0,0.0,0.0
correlated_service,17.178897055889713,5.685118239661712,3.8420057238233847,0.5377868807429634,5,7,38.03499217578602,117.7032161713756,292.05428165310093,4,5,4,5,2.8973800368290377,2.8973800368290377,0.0,0.0,0.0,0.0
correlated_service,15.942087284338193,5.784102661008944,3.492282053770955,0.4019365484240103,10,8,38.02511315721054,91.59167320211245,378.7114425679422,3,5,3,5,6.69426924636956,6.69426924636956,0.0,0.0,0.0,0.0
correlated_service,24.878187156027444,7.717270835438018,3.684798705374746,0.4463310417019497,6,8,28.680791130674177,111.84247777359045,286.28089358726675,4,7,4,7,5.642863646217225,5.642863646217225,0.0,0.0,0.0,0.0
correlated_service,17.787694146746254,6.8869537886051315,2.626428001050079,0.5322148335036349,9,7,32.36856937018317,75.5262847206629,323.2007599156197,3,7,3,7,7.637894497532457,7.637894497532457,0.0,0.0,0.0,0.0
correlated_service,24.956142269392586,6.727630016348214,3.672505278772479,0.6030814480662654,8,7,30.248301400221813,77.7243470927094,432.8746408390231,4,7,4,7,9.67066438565369,9.67066438565369,0.0,0.0,0.0,0.0
correlated_service,15.149868221578444,5.279592917381159,2.16311305200557,0.6575108915386023,5,8,36.50049228026612,69.31066673597445,418.37706860084523,3,8,3,8,10.524700012417885,10.524700012417885,0.0,0.0,0.0,0.0
correlated_service,13.112140594310727,6.635138770951197,3.6416629279648545,0.5920505790549047,6,6,28.37472242555496,104.73100320026484,406.12860574251454,3,4,3,4,3.489805114093715,3.489805114093715,0.0,0.0,0.0,0.0
correlated_service,14.681551689526335,4.2538814677437315,3.744376656724069,0.3001730920165275,10,6,20.564676029635894,116.87982942842714,345.97648106587945,4,4,4,4,15.574954874709022,15.574954874709022,0.0,0.0,0.0,0.0
correlated_service,17.37021592903143,4.045519076148949,3.7065737184683716,0.6128900641141717,10,6,39.713519780501635,84.31825106074228,419.61714568530914,5,5,5,5,5.19508909268826,5.19508909268826,0.0,0.0,0.0,0.0
correlated_service,23.122272522128142,6.6713798721997,3.555794568547387,0.6446488795419438,8,8,31.289128236318717,69.19752187593294,370.75504357684764,4,7,4,7,4.25523773149597,4.25523773149597,0.0,0.0,0.0,0.0
correlated_service,16.492282436107985,7.700200488937126,3.7494081416566187,0.367543230946168,7,5,36.8489701386808,84.8291201664483,358.675751850361,3,5,3,5,2.509534036299121,2.509534036299121,0.0,0.0,0.0,0.0
correlated_service,17.35927924752112,7.056128275264831,3.723120861000674,0.4246791676489699,10,6,30.876651953952887,114.15485402751035,434.87211213124243,3,5,3,5,4.854570876016802,4.854570876016802,0.0,0.0,0.0,0.0
correlated_service,12.798447062411832,4.317647420349806,3.6997737094146914,0.41221155286522415,8,4,21.004552848540577,76.8750234223372,354.7182118352876,4,4,4,4,2.6873388196017376,2.6873388196017376,0.0,0.0,0.0,0.0
correlated_service,16.652398386475753,5.136002569971007,3.4152014186370776,0.46463876683559735,10,7,31.54851537935736,80.69613765742142,312.8187322014369,4,5,4,5,10.514448941151556,10.514448941151556,0.0,0.0,0.0,0.0
correlated_service,13.998920192028226,7.496804484202649,3.4120580005225554,0.5469840887033283,10,8,25.273756153945033,118.27089814907875,357.1996221552931,2,5,2,5,9.609445898958297,9.609445898958297,0.0,0.0,0.0,0.0
correlated_service,15.931791238768332,6.011588487751123,3.7121821392915546,0.674363912072254,8,7,30.044213374614337,120.39691384192062,371.16363023644453,3,5,3,5,4.617858442887991,4.617858442887991,0.0,0.0,0.0,0.0
correlated_service,20.658692347486365,7.3213553900568495,2.8937042934837116,0.5631912033666214,6,8,26.313892903400905,84.92958331764953,288.2015972510771,3,8,3,8,7.674982138339747,7.674982138339747,0.0,0.0,0.0,0.0
correlated_service,15.893721005328617,6.362526602263647,3.2692356923545263,0.6772603678335402,6,6,22.473490277402313,78.21874652078566,367.4135505233443,3,5,3,5,10.917728990797055,10.917728990797055,0.0,0.0,0.0,0.0
correlated_service,18.958815590263967,4.794479631663037,2.637684798995214,0.4611713853089052,5,8,28.01041196978557,102.00373083819451,375.45483563774104,4,8,4,8,26.97796839482572,26.97796839482572,0.0,0.0,0.0,0.0
correlated_service,19.202178500016807,6.805332052032546,2.791933305793596,0.6420869666672528,7,8,25.92335188683988,90.06958434168209,339.1865588260028,3,7,3,7,16.648940765841584,16.648940765841584,0.0,0.0,0.0,0.0
correlated_service,15.607446890205393,5.532087930912374,3.9069835630606278,0.46838103648841495,9,8,35.170100027065175,75.9510964991849,450.90392732886414,3,5,3,5,7.079643345441717,7.079643345441717,0.0,0.0,0.0,0.0
correlated_service,15.027484315996624,6.315872644482884,2.951133751923206,0.5754662894397291,9,6,20.950933150252652,98.30036979616513,457.1502886673728,3,6,3,6,2.7138212119641087,2.7138212119641087,0.0,0.0,0.0,0.0
correlated_service,24.94937832218695,5.073482426814479,3.96759615723262,0.4968330394553576,7,8,18.110731299110487,105.70668280830891,303.9151829121317,5,7,5,7,15.695558086209411,15.695558086209411,0.0,0.0,0.0,0.0
correlated_service,12.108898304161073,5.577777998234238,3.146459638780091,0.5487103417044432,7,5,29.59236966053932,74.81209731980795,356.31073292424134,3,4,3,4,8.761622802521577,8.761622802521577,0.0,0.0,0.0,0.0
correlated_service,24.20098072926463,7.537910356690366,3.432100885895709,0.5430456819024423,10,8,32.060113939642385,109.48473520839859,362.3906014000174,4,8,4,8,2.279700472179044,2.279700472179044,0.0,0.0,0.0,0.0
correlated_service,19.130024943964138,4.2517853786644535,3.897079479200886,0.507073746811171,6,5,34.757395111510185,120.3486976516457,381.10247348381074,5,5,5,5,15.014780660071207,15.014780660071207,0.0,0.0,0.0,0.0
correlated_service,16.81197332530917,5.210416926386318,2.80119618587214,0.4727310671635243,9,7,32.010216438416506,124.05328249534429,379.9624850645389,4,7,4,7,2.320059305145484,2.320059305145484,0.0,0.0,0.0,0.0
correlated_service,17.478277547950427,4.821524544382518,3.6209855684879013,0.6572571460330567,4,8,38.03002630176467,92.63180466464098,272.52797763907586,4,5,4,5,9.981730388721282,9.981730388721282,0.0,0.0,0.0,0.0
correlated_service,12.490474658423683,5.206341293726023,3.7837891670465456,0.5941009932821253,9,6,24.401311417167072,82.54683062150822,290.2475025312458,3,4,3,4,3.034691536007643,3.034691536007643,0.0,0.0,0.0,0.0
correlated_service,14.239999170705207,5.124829246734766,3.9414194322422285,0.31204274332298415,4,6,26.708834052921198,93.32242912481291,461.4663895388936,3,4,3,4,7.202131256350079,7.202131256350079,0.0,0.0,0.0,0.0
correlated_service,12.616627672467553,4.345899052014584,3.754791129483,0.6231378498772899,8,5,26.565323956391516,69.63088439195317,353.52418826962935,3,4,3,4,14.043821727022086,14.043821727022086,0.0,0.0,0.0,0.0
correlated_service,13.06888573176364,7.023676959267658,3.063912739153621,0.568629121036981,9,5,23.07789928079934,68.6772935231481,362.0064027201791,2,5,2,5,9.581166830460829,9.581166830460829,0.0,0.0,0.0,0.0
correlated_service,15.719741295780839,5.570089467448536,2.3413605716138925,0.6883081894111593,5,7,22.120564183357676,102.18393397053079,430.25677227173946,3,7,3,7,11.081172523113551,11.081172523113551,0.0,0.0,0.0,0.0
correlated_service,16.71882461974392,6.915185789026587,3.802412880377683,0.39435800828945505,8,6,25.791085662318483,65.8315099850605,411.42338730962103,3,5,3,5,3.154250752165543,3.154250752165543,0.0,0.0,0.0,0.0
correlated_service,15.305996724354948,7.889082245176481,3.8609241437724027,0.3980769217752368,5,6,36.90103878852065,72.14913124380163,290.8921640130502,3,4,3,4,32.76569310143499,32.76569310143499,0.0,0.0,0.0,0.0
correlated_service,15.861894134297168,4.982750711715774,3.103032608419274,0.5381561008252254,7,7,33.55044848356917,124.7233226126356,273.1237499785967,4,6,4,6,2.3717384864129927,2.3717384864129927,0.0,0.0,0.0,0.0
correlated_service,18.598453855084422,5.597823336028627,3.85784949270717,0.47049966403586496,7,5,25.36131942850205,72.3940170716041,350.7797099076338,4,5,4,5,7.715088794245161,7.715088794245161,0.0,0.0,0.0,0.0
correlated_service,25.574676152101098,5.557394721643188,3.729203150570683,0.6773015351584841,5,7,37.51208290566967,75.54382161726971,375.63839761348504,5,7,5,7,11.557807061172266,11.557807061172266,0.0,0.0,0.0,0.0
correlated_service,15.192127484519048,6.214063048252559,2.396769058756097,0.5929533050436557,9,7,33.89268883142768,74.78323606770623,285.90621980791735,3,7,3,7,3.585336440310164,3.585336440310164,0.0,0.0,0.0,0.0
correlated_service,14.593338020129167,5.08073530572913,3.9720700025690197,0.6771938165908653,8,7,37.05788308207627,122.89357972249724,430.95298666561473,3,4,3,4,12.949571722969475,12.949571722969475,0.0,0.0,0.0,0.0
correlated_service,12.287359554812559,7.08216152364332,2.6992287924373937,0.3258326787199865,10,6,32.31491661762092,102.10154860967353,277.4028067453257,2,5,2,5,5.9994618430479205,5.9994618430479205,0.0,0.0,0.0,0.0
correlated_service,14.175373144044132,6.4267827830957724,2.775371481036708,0.5578574893902282,9,8,22.69732963594842,94.95116468131849,360.32861750688767,3,6,3,6,2.3294531961448843,2.3294531961448843,0.0,0.0,0.0,0.0
correlated_service,16.846724306084322,7.472286163162981,3.832263818240272,0.6487909288845172,5,8,36.51361635860809,111.87196378171598,394.20275932410766,3,5,3,5,2.9550056753236738,2.9550056753236738,0.0,0.0,0.0,0.0
correlated_service,15.86585244063819,6.006208181687191,2.7120526070087454,0.6426476413071996,9,6,38.194528781639804,78.16142472353044,379.31591922580196,3,6,3,6,11.233708550853425,11.233708550853425,0.0,0.0,0.0,0.0
correlated_service,15.360464447128129,4.166397263775128,3.8261261019336263,0.530183259822651,7,8,33.0503629961715,121.62895847516873,359.1776967086016,4,5,4,5,4.51591569813798,4.51591569813798,0.0,0.0,0.0,0.0
correlated_service,14.314406507584959,7.885581299525282,2.663058095390306,0.40549882627056877,10,8,37.34105276411105,115.82017378460243,319.76947422529315,2,6,2,6,7.375458564981276,7.375458564981276,0.0,0.0,0.0,0.0
correlated_service,22.464872895203122,7.698228769605429,3.8052533712281993,0.5161739614736709,6,6,25.96974077948056,94.62479479749054,346.39018977660294,4,6,3,6,12.973144256702954,26.436112349679146,0.0,1.0,0.0,0.0
correlated_service,16.626160603577105,4.941624456810881,3.6691290253506077,0.3731815838566126,5,5,32.61690446498112,97.18436562347708,460.39430011924395,4,5,4,5,3.6663038894206963,3.6663038894206963,0.0,0.0,0.0,0.0
correlated_service,16.84687187333205,7.849471245295121,3.9638527356658493,0.3864809099776426,5,5,19.808004153010486,115.91251101603837,420.1039019330194,3,5,3,5,2.1428175697541785,2.1428175697541785,0.0,0.0,0.0,0.0
correlated_service,18.47941046633699,6.502708524718274,2.55834661010902,0.30561300695950117,5,8,18.89082808319815,70.9867229063392,397.44487662750527,3,8,3,8,8.034949994705938,8.034949994705938,0.0,0.0,0.0,0.0
correlated_service,12.388435217461772,4.382342080395296,2.499846035838928,0.5422951211919829,9,7,39.43076786993821,90.20860311548498,445.2425340126006,3,5,3,5,33.89092577598604,33.89092577598604,0.0,0.0,0.0,0.0
correlated_service,20.492666124386894,4.833130342193315,3.7833045109869383,0.45990978593486875,5,8,28.521463540981735,79.69332458277859,384.32018151682166,5,6,5,6,3.0867117301145988,3.0867117301145988,0.0,0.0,0.0,0.0
correlated_service,15.106028083522421,4.9894057367647004,2.553909670273375,0.5215606489267425,5,7,34.69349455873902,106.67048756834102,410.53841770985684,4,6,4,6,15.005500025037511,15.005500025037511,0.0,0.0,0.0,0.0
correlated_service,14.33129031669282,6.335902378559991,2.48238247035966,0.48974030545172886,6,8,27.114987600417642,88.07200771492784,363.5328069502531,3,6,3,6,6.333260457746392,6.333260457746392,0.0,0.0,0.0,0.0
correlated_service,22.668563565865448,5.836147211272641,3.689060982680691,0.4196321207403477,5,7,39.20746865226963,113.62456729063337,453.9984579496331,4,7,4,7,10.865627451138986,10.865627451138986,0.0,0.0,0.0,0.0
correlated_service,20.36306168331958,4.643219864594608,3.9301090152904763,0.45886136543366973,10,7,22.139977519011097,117.27276526168497,298.97497990541945,5,6,5,6,2.8739449421758616,2.8739449421758616,0.0,0.0,0.0,0.0
correlated_service,15.703851817392085,7.4367630649668826,2.966982391863195,0.36436215313432835,8,7,25.9334869252147,75.45966282174557,302.3158291789286,3,6,3,6,2.3128544389286936,2.3128544389286936,0.0,0.0,0.0,0.0
correlated_service,14.14343981153777,4.823254492584435,3.9936778155659707,0.6865614662932635,4,5,25.307811513718036,107.63443308760395,325.0437847919399,3,4,3,4,20.73418271970657,20.73418271970657,0.0,0.0,0.0,0.0
correlated_service,17.328048404201198,5.829017204538534,2.959139201751923,0.3901286495775813,8,8,39.49596158731481,112.36207986280311,353.8617439228272,4,6,4,6,8.638312805992065,8.638312805992065,0.0,0.0,0.0,0.0
correlated_service,17.27986728862018,6.505699613745745,3.109417457136751,0.5384773293539052,7,8,29.68274745750853,83.58408719541337,333.48464323327454,3,6,3,6,5.583752576758776,5.583752576758776,0.0,0.0,0.0,0.0
correlated_service,13.390697000835472,6.276922954924348,2.6117118928342657,0.6838309857582854,7,6,37.93786139325685,112.82523768138651,469.9100128763098,3,6,3,6,2.3633751626479373,2.3633751626479373,0.0,0.0,0.0,0.0
correlated_service,13.328235692807722,7.244831083976668,3.3936238710230953,0.607829545814087,6,5,27.36769247248064,116.85452990555818,280.7610161869576,2,4,2,4,23.81990558330832,23.81990558330832,0.0,0.0,0.0,0.0
correlated_service,15.297899019837933,7.7864832132758135,3.42316631345868,0.6440227654549788,8,5,24.534687121700344,105.63126742700146,462.6040320658095,3,5,3,5,2.8216779215236047,2.8216779215236047,0.0,0.0,0.0,0.0
correlated_service,13.485968996648712,7.05217327528813,2.781179622979481,0.4756341645037633,9,8,26.078376439022286,85.61163615464818,328.312718303261,2,5,2,5,20.579641238220532,20.579641238220532,0.0,0.0,0.0,0.0
correlated_service,16.218839003054185,7.3343791854273,3.440338087278811,0.6035085368039861,6,8,28.44028664451119,116.48096693766718,286.12139260154936,3,5,3,5,5.133540240562812,5.133540240562812,0.0,0.0,0.0,0.0
correlated_service,15.145483173470303,7.787337516889798,3.4385663657300674,0.5621935961831045,4,7,39.03159912370943,100.97640378771764,350.4312683567035,2,5,2,5,23.305522190505165,23.305522190505165,0.0,0.0,0.0,0.0
correlated_service,13.617016662814077,6.050754548498055,3.023033033628037,0.33097267169546957,5,7,38.75999140883367,83.95455341406029,431.43028976418907,3,5,3,5,3.166666275944587,3.166666275944587,0.0,0.0,0.0,0.0
correlated_service,18.832434924449473,7.523369913889294,3.1920038003134827,0.5167928509719042,4,7,26.909030072593687,65.30602658920093,281.8693221990199,3,6,3,6,13.748717973531882,13.748717973531882,0.0,0.0,0.0,0.0
correlated_service,13.05494419615465,6.079966277204669,2.6387684997384833,0.6213070793070486,8,7,30.774698861531363,100.99996248703616,463.93844583705265,3,5,3,5,24.52921698600207,24.52921698600207,0.0,0.0,0.0,0.0
correlated_service,15.590335824730252,5.16282632969063,3.0301525417103217,0.37287182749526004,7,8,26.662767332313535,85.23303415845359,309.1214643600446,4,6,4,6,2.0701787980063755,2.0701787980063755,0.0,0.0,0.0,0.0
correlated_service,24.747035879185262,6.4357547607234205,3.4968413990729266,0.4911179302640225,8,8,26.852107634315658,97.69095620777512,299.57911548930093,4,8,4,8,8.462362338967566,8.462362338967566,0.0,0.0,0.0,0.0
correlated_service,14.4553331469781,7.971866869103556,3.703738771907251,0.3027415699328534,4,5,35.86371802845326,79.27890889916011,463.835624725746,2,4,2,4,16.55144925296714,16.55144925296714,0.0,0.0,0.0,0.0
correlated_service,13.241442997558725,5.57030358942877,2.6320169610360136,0.5110665872908974,6,7,23.299880046800507,98.01483536313879,429.1864216873565,3,6,3,6,2.645523304144619,2.645523304144619,0.0,0.0,0.0,0.0
correlated_service,20.53778758758015,4.761281447576881,3.460086227040782,0.3198396397463974,7,8,22.079184327053724,83.97016590481886,303.13780119934677,5,6,5,6,18.68631020688984,18.68631020688984,0.0,0.0,0.0,0.0
correlated_service,12.111978151493409,7.841842674385127,3.079689314112473,0.36247298040386317,9,4,21.048139218831576,101.02917340188424,465.2779606996637,2,4,2,4,18.63210084373146,18.63210084373146,0.0,0.0,0.0,0.0
correlated_service,16.396225481698163,7.254597686088772,3.1481625410039746,0.38200644733491296,6,7,39.38828571435421,71.78306971824273,439.97067121081204,3,6,3,6,2.38574447893358,2.38574447893358,0.0,0.0,0.0,0.0
correlated_service,18.602667546716162,4.6826546939110845,2.6495281040253538,0.6604242274717792,8,8,36.59201593112247,70.30189436616807,438.257692461892,5,8,5,8,2.245354924970974,2.245354924970974,0.0,0.0,0.0,0.0
correlated_service,18.619983675430703,4.338231446403439,2.4597777141089687,0.6363431118595375,6,8,22.859878200428238,120.79079891983739,316.49772907441104,5,8,5,8,4.419139246619896,4.419139246619896,0.0,0.0,0.0,0.0
correlated_service,14.329451954478142,4.359483911330404,2.132295428470662,0.594219912017147,5,8,23.447783126790235,78.82005762839401,281.93724668490626,4,7,4,7,5.87345135355886,5.87345135355886,0.0,0.0,0.0,0.0
correlated_service,14.717716291787532,6.038003580259063,2.11837472855359,0.64297566925679,5,7,36.621936365292086,97.76976769941153,322.70835395691574,3,7,3,7,25.767667736930843,25.767667736930843,0.0,0.0,0.0,0.0
correlated_service,21.138495308831878,4.492358845678002,3.863239851905238,0.4986118488762455,6,8,33.48004576665285,75.9100753862254,357.15377547469876,5,6,5,6,5.812534162770484,5.812534162770484,0.0,0.0,0.0,0.0
correlated_service,18.414914459378558,4.8955108415729125,2.543855796612857,0.36710050983955017,5,8,19.696234382041407,117.69658539582997,441.0840161478427,4,8,4,8,5.952777302789977,5.952777302789977,0.0,0.0,0.0,0.0
correlated_service,26.34813783404332,5.198438747220317,3.8418575413390763,0.5255044769060304,10,8,32.164946289878685,73.18632140814157,309.6014267570618,6,7,6,7,9.362235203423761,9.362235203423761,0.0,0.0,0.0,0.0
correlated_service,16.64380465495249,6.589311415284801,3.3055127796458716,0.42542619876773224,8,8,37.88589987361771,97.3889507427865,327.2185897429058,3,6,3,6,3.028591943044794,3.028591943044794,0.0,0.0,0.0,0.0
correlated_service,14.084526746614204,6.330815419201694,3.184188413314955,0.6835989050391748,4,5,38.818092297958415,111.4772701276406,457.1708488782922,3,5,3,5,3.1210275219669903,3.1210275219669903,0.0,0.0,0.0,0.0
correlated_service,19.19507289477137,4.363872849011681,3.267272378845686,0.6537558689678034,9,8,34.9418918694121,101.66821475190537,308.4047915467387,5,6,5,6,11.693288985030254,11.693288985030254,0.0,0.0,0.0,0.0
correlated_service,22.27192741621977,6.417744573898454,3.447756095491142,0.5251014437556276,10,7,29.852630090423922,99.95398480981068,274.68596455866236,4,7,4,7,3.9393301785335293,3.9393301785335293,0.0,0.0,0.0,0.0
correlated_service,13.056690908344068,5.172740286151794,3.965131744977439,0.6059293958665667,7,7,34.62033849326413,92.42546145464996,424.6285690190789,3,4,3,4,3.544648634007042,3.544648634007042,0.0,0.0,0.0,0.0
correlated_service,18.084799750335044,7.135221975797783,3.9136139920200614,0.3556442284557971,6,7,19.93777079576105,92.9150916098059,357.9101347117947,3,5,3,5,4.686661305158922,4.686661305158922,0.0,0.0,0.0,0.0
correlated_service,15.037128872244292,4.251883388608482,3.1290114114286816,0.30248002579467986,5,8,27.385890863738993,68.41330967536703,412.6330756614915,4,5,4,5,7.668978017181456,7.668978017181456,0.0,0.0,0.0,0.0
correlated_service,14.822732827449418,7.496828184982682,3.2292804944650815,0.6670589611845366,7,7,37.59914758488548,119.34417858288671,416.1542328483116,3,5,3,5,3.5810390682431508,3.5810390682431508,0.0,0.0,0.0,0.0
correlated_service,15.68762178036365,6.598159629523117,2.8186327281762535,0.30600998893278303,7,7,26.335619397254277,111.98285294969892,379.1924872258568,3,6,3,6,3.8023808736880693,3.8023808736880693,0.0,0.0,0.0,0.0
correlated_service,13.379375912808738,7.62491629292928,3.6159146573884344,0.4263970540626962,10,8,34.709957408914576,67.14533670532813,399.64513209838145,2,4,2,4,7.6654615054280635,7.6654615054280635,0.0,0.0,0.0,0.0
correlated_service,21.254204261380934,4.229892233498772,3.4600618744744986,0.390204246050466,9,8,21.231700243550023,101.35376073168688,414.7993366029756,6,7,6,7,2.2089229004986204,2.2089229004986204,0.0,0.0,0.0,0.0
correlated_service,14.23917675990209,5.811740287825092,2.1900141160817386,0.5704199223943132,8,7,36.860803120221355,75.6354556689811,289.40176318843953,3,7,3,7,4.241563384189645,4.241563384189645,0.0,0.0,0.0,0.0
correlated_service,26.824465908323695,5.193925085368325,3.9710369631116462,0.3644954717804686,8,7,36.48321690464589,91.96269333103176,315.1710956229623,6,7,6,7,5.593660544858537,5.593660544858537,0.0,0.0,0.0,0.0
correlated_service,18.933399707626236,5.299405304830665,3.383199645186028,0.564498785238136,8,6,29.66489962956401,86.26310235349548,358.15822610460975,4,6,4,6,5.307738894506376,5.307738894506376,0.0,0.0,0.0,0.0
correlated_service,12.638316405195146,6.682822180068028,3.5601842252944618,0.45209763398436853,4,6,37.5096037615492,113.08368413697929,410.35232599269386,2,4,2,4,12.481460818581386,12.481460818581386,0.0,0.0,0.0,0.0
correlated_service,17.7798752927855,5.008201999497473,3.902579156529482,0.4981320102209444,8,5,26.16779669931458,83.75032083631808,273.07302343011355,4,5,4,5,4.707260106636534,4.707260106636534,0.0,0.0,0.0,0.0
correlated_service,17.81719670510898,7.291695628641286,3.566103879012494,0.41288970137390996,5,8,35.754738862558355,65.39572964990334,395.93628011807994,3,6,3,6,2.571694213326981,2.571694213326981,0.0,0.0,0.0,0.0
correlated_service,16.45983401668098,4.32508346951996,2.194457046638157,0.6487293275529766,4,8,21.168598695503224,85.4053930090569,319.56558347570706,4,8,4,8,8.698741525278933,8.698741525278933,0.0,0.0,0.0,0.0
correlated_service,13.257306808287813,7.195382281197675,3.7607755613563985,0.4640302506760783,9,6,22.281029304528015,86.15013847589036,361.16836662812017,2,4,2,4,9.002771648281314,9.002771648281314,0.0,0.0,0.0,0.0
correlated_service,19.564336786101762,7.735384476248173,2.9733382047968204,0.3683205009029231,5,8,25.25433094283523,119.0227598043129,285.11427288048066,3,7,3,7,4.543173099432062,4.543173099432062,0.0,0.0,0.0,0.0
correlated_service,13.536243895761379,4.676048167898108,3.0906062367539353,0.5544513330674914,5,8,33.68443947319364,69.68348472657506,382.9447717452185,3,5,3,5,12.907874536303744,12.907874536303744,0.0,0.0,0.0,0.0
correlated_service,13.685746874397754,5.373101091731733,3.9449271173339833,0.6359837244999997,9,5,39.987363244938834,107.245264503644,465.95884175316405,3,4,3,4,4.277766881535766,4.277766881535766,0.0,0.0,0.0,0.0
correlated_service,16.420254799023535,7.747243732573466,2.5601402050448208,0.6346251244105565,7,7,37.58533306466228,105.83925338278755,469.2001830538437,3,7,3,7,2.997195817200863,2.997195817200863,0.0,0.0,0.0,0.0
correlated_service,14.97353187954885,6.604990162388013,2.5905183614133067,0.6345827764043722,4,8,20.98838814348932,85.2724107759232,460.9841751055409,3,6,3,6,6.796033991293373,6.796033991293373,0.0,0.0,0.0,0.0
correlated_service,21.225920744035164,5.614988134055114,2.699182438920694,0.40146749601898923,5,8,28.2150692146859,93.79236768153967,344.9857245530506,4,8,4,8,13.347567196133948,13.347567196133948,0.0,0.0,0.0,0.0
correlated_service,13.479419155554536,4.194315655091945,3.0314150549935563,0.41116067713979926,8,7,18.95712187806258,80.31634765352469,458.4325110566087,4,5,4,5,3.108740478098524,3.108740478098524,0.0,0.0,0.0,0.0
correlated_service,21.853551871606847,5.398423520236559,3.0066005233053676,0.6795466418473661,9,8,20.085766066354257,68.1401726907131,301.50209584600736,5,8,5,8,2.684545609026733,2.684545609026733,0.0,0.0,0.0,0.0
correlated_service,12.027942731858726,7.12353930370089,2.720076497131746,0.6153008423292021,7,6,20.424364182347432,123.77600145878606,273.2227655006121,2,5,2,5,5.294050345472984,5.294050345472984,0.0,0.0,0.0,0.0
correlated_service,12.581458431524519,7.523059453089286,2.664334167467457,0.5226371334314561,10,5,31.987119623723533,72.29640272676792,423.29935278108155,2,5,2,5,7.187892444740003,7.187892444740003,0.0,0.0,0.0,0.0
correlated_service,14.945305422762406,7.837165056477626,3.2148948226616696,0.4046636008024702,4,6,26.352126497998036,115.95446291185056,374.1568239659983,2,5,2,5,14.881938180318718,14.881938180318718,0.0,0.0,0.0,0.0
correlated_service,12.508042648391253,5.621164891995619,2.287365515248246,0.6347947646087317,10,6,18.823908764687587,96.92153970658377,341.7028003968053,3,6,3,6,3.4803921010344325,3.4803921010344325,0.0,0.0,0.0,0.0
correlated_service,21.39269104861589,7.323052067989112,3.0937826065722818,0.6718526279864042,6,7,29.105766490740827,89.05221965751892,312.7339236411225,4,7,3,7,15.482082030589824,30.246031567424584,0.0,1.0,0.0,0.0
correlated_service,13.972054920476264,4.988821295128376,3.5281116165956696,0.5499347093370004,8,5,24.666793619978208,109.24318819419807,322.98616243406707,3,5,3,5,6.590721711974866,6.590721711974866,0.0,0.0,0.0,0.0
correlated_service,23.96373133083561,6.402406439879977,3.1382572190350686,0.3206277513252864,4,8,27.45579519921271,100.30789913045814,354.6388432360354,4,8,4,8,6.97431048070469,6.97431048070469,0.0,0.0,0.0,0.0
correlated_service,14.59029121603823,6.7533036086071885,3.9333225588965517,0.6316983723696987,9,7,29.483338024897808,91.5193743469437,317.5730822567621,3,4,3,4,4.920780716883378,4.920780716883378,0.0,0.0,0.0,0.0
correlated_service,21.06939046244916,6.255611000321826,3.302008389498636,0.5795443244648959,6,8,22.406740232660187,101.45007386944138,428.6107530785745,4,7,4,7,3.375988014335925,3.375988014335925,0.0,0.0,0.0,0.0
correlated_service,13.54600110538391,4.897414017587296,2.837532237430625,0.6717447792145521,5,8,29.974259077482238,119.54245195545667,444.44060592053177,3,5,3,5,10.336030099005576,10.336030099005576,0.0,0.0,0.0,0.0
correlated_service,12.224024322726592,4.233171340302151,2.5255941521728635,0.47146149550711314,6,7,33.5714400245932,92.66044883121705,463.7339021609635,3,5,3,5,17.437930514321774,17.437930514321774,0.0,0.0,0.0,0.0
correlated_service,13.939158867952637,6.9775046344825356,2.6131962117664536,0.42105064445832713,9,8,27.95773068819966,80.94754105050238,462.2181563322193,3,6,3,6,2.3840474258594617,2.3840474258594617,0.0,0.0,0.0,0.0
correlated_service,18.03535580509795,4.201676171229653,3.5103972888680124,0.38740409822639615,7,7,39.58443766194674,81.31486310769826,426.76966789118956,5,6,5,6,2.555889827318629,2.555889827318629,0.0,0.0,0.0,0.0
standard,10.858475477714359,6.490182862658818,2.135333235848904,,9,7,44.376479815433385,127.5977925346986,276.2217508533588,2,6,2,6,3.6294424201194686,3.6294424201194686,0.0,0.0,0.0,0.0
standard,10.019799355844704,5.306431594591052,3.31642025589104,,10,7,41.17110947050547,89.41524338987153,428.53105786992523,2,4,2,4,9.224316578444126,9.224316578444126,0.0,0.0,0.0,0.0
standard,14.741875560731131,3.639932954662404,2.4445141985578784,,11,7,38.3125754050453,97.31048082341522,388.4363745707317,5,7,5,7,1.9315516752615856,1.9315516752615856,0.0,0.0,0.0,0.0
standard,12.223456485849127,6.67720252936651,2.31850635864167,,8,7,43.19562902403375,88.48433338604761,298.74064314635376,2,6,2,6,6.6934479147542465,6.6934479147542465,0.0,0.0,0.0,0.0
standard,8.369195636249293,4.891175324142446,3.1218059104976743,,4,8,42.67774232943441,65.36106327580728,477.8784848199049,2,3,2,3,5.780589993242961,5.780589993242961,0.0,0.0,0.0,0.0
standard,18.395389695689317,6.789098870535357,2.4089954221352743,,4,8,40.50653451937049,120.43777448673882,367.89759729798084,3,8,3,8,5.752007746501458,5.752007746501458,0.0,0.0,0.0,0.0
standard,8.58665105494539,4.532338179777923,2.2497030558830504,,7,7,24.283203804132764,109.86100569662706,346.053296069307,2,4,2,4,14.317682822034577,14.317682822034577,0.0,0.0,0.0,0.0
standard,9.317048256423044,3.2549152350861354,3.361811615793748,,12,4,41.34128508371254,84.64881445533494,404.84129111414734,3,3,3,3,11.014736035166921,11.014736035166921,0.0,0.0,0.0,0.0
standard,17.30942739696443,6.318006515854432,2.8498132072475792,,11,8,43.14380118602024,129.99441061057834,358.63083225658306,3,7,3,7,4.428491066785779,4.428491066785779,0.0,0.0,0.0,0.0
standard,13.561504136907395,3.459456941892885,3.2008887332915235,,7,8,33.052686478907845,78.44379631416035,263.81757001207137,4,5,4,5,13.42134329097822,13.42134329097822,0.0,0.0,0.0,0.0
standard,14.986005908288742,6.32313424450763,2.2132238786259357,,4,8,39.19624451141475,105.32878080716984,361.52689753840536,3,7,3,7,5.559537308894178,5.559537308894178,0.0,0.0,0.0,0.0
standard,11.918680148423626,5.004927647197203,3.3456997911664734,,11,5,30.795436370162612,76.22280657926868,266.3431265968361,3,4,3,4,3.285504990348847,3.285504990348847,0.0,0.0,0.0,0.0
standard,8.019983513446476,6.379048847317788,2.4045093505068045,,8,7,27.854082782108016,101.92418391769854,268.2009263149915,2,4,2,4,2.217078013329192,2.217078013329192,0.0,0.0,0.0,0.0
standard,8.694192748884186,5.053813431554006,3.48804013023547,,6,7,26.53145550546961,67.65348453151066,311.10584810299065,2,3,2,3,4.704681955694279,4.704681955694279,0.0,0.0,0.0,0.0
standard,12.981054272060502,4.1259019982372305,3.1273767133849457,,10,7,36.25977322321002,81.9123399534897,469.0502900815444,4,5,4,5,1.9552968786007034,1.9552968786007034,0.0,0.0,0.0,0.0
standard,8.537202116681275,3.866546303695064,1.5404499718027314,,5,7,43.98617449725411,68.24078017785428,445.72047620345177,3,6,3,6,3.340663094668588,3.340663094668588,0.0,0.0,0.0,0.0
standard,12.92864184793141,4.747183634535169,2.330775542573988,,6,6,20.59856789475394,120.66211462356468,278.39619758403586,3,6,3,6,5.410714746652163,5.410714746652163,0.0,0.0,0.0,0.0
standard,13.849270444266878,3.5544664875421415,3.2548347957215427,,7,6,31.989509642284418,83.62699928895663,373.40266442870814,4,5,4,5,10.564458845698086,10.564458845698086,0.0,0.0,0.0,0.0
standard,9.984779385458578,3.469744405389373,1.759723944829978,,6,6,39.82994135101664,87.79326463414407,364.75420278359564,3,6,3,6,11.030605032183395,11.030605032183395,0.0,0.0,0.0,0.0
standard,21.105796253128933,5.013614951941445,3.0055408804570973,,8,8,48.4365250638666,83.87663139184379,393.49710511140165,5,8,5,8,1.996338929939017,1.996338929939017,0.0,0.0,0.0,0.0
standard,9.16135870680475,3.866754785498425,2.7265901463679265,,5,6,28.859058737315607,65.92003047569392,289.4013040505065,3,4,3,4,2.6724889743869644,2.6724889743869644,0.0,0.0,0.0,0.0
standard,13.215800448216854,3.3723851754781564,2.935601598703819,,6,7,31.84686814431862,108.91720075447199,350.97122374328603,4,5,4,5,13.939390051881276,13.939390051881276,0.0,0.0,0.0,0.0
standard,8.378106398551827,6.72440294725172,2.8750358831699447,,6,4,47.93370183884568,114.16369578694999,271.32866580625597,2,3,2,3,12.146367546260189,12.146367546260189,0.0,0.0,0.0,0.0
standard,11.796136334541732,4.690666153938761,3.2475474944694884,,6,8,23.033831514427252,128.48271349117832,261.88463463909426,3,4,3,4,4.172698376981029,4.172698376981029,0.0,0.0,0.0,0.0
standard,9.865707303867628,5.695130407351119,3.127315309531884,,9,5,42.31983921980259,68.80054915547049,467.5127259025509,2,4,2,4,4.1805246821136794,4.1805246821136794,0.0,0.0,0.0,0.0
standard,17.11707930068965,6.784155161301958,2.702111683085911,,7,7,37.159404054206185,112.53457169577268,355.17985976009476,3,7,3,7,3.1185864121933693,3.1185864121933693,0.0,0.0,0.0,0.0
standard,22.77832471521706,3.9043402266687366,3.1749172574844344,,10,8,32.570677831598594,81.14786346668252,404.1310319138829,6,8,6,8,6.983719757228656,6.983719757228656,0.0,0.0,0.0,0.0
standard,23.410498541057258,3.2076144654763477,3.4272805096284893,,10,8,46.81730812726289,129.4853061778453,340.18109789182023,8,7,8,7,7.1322518344898445,7.1322518344898445,0.0,0.0,0.0,0.0
standard,13.836381976091122,3.0663183225568424,2.5547939882862654,,7,7,41.076108516095644,60.82845413886612,409.16638031349925,5,6,5,6,3.570564064745337,3.570564064745337,0.0,0.0,0.0,0.0
standard,17.55870337732843,6.26181964509,2.714145491864927,,7,7,21.97144393121018,73.35901855762275,470.42139677972864,3,7,3,7,6.4922775601412175,6.4922775601412175,0.0,0.0,0.0,0.0
standard,12.31018092721273,5.522287366852614,2.3770640973106847,,6,8,28.13183419703895,64.55479538610358,364.3716457052518,3,6,3,6,2.1202577505899574,2.1202577505899574,0.0,0.0,0.0,0.0
standard,12.57304387074884,3.073934717597214,3.1977979979487245,,7,6,40.10820953652072,75.70104461012534,381.3766633397737,5,4,5,4,15.394008441729294,15.394008441729294,0.0,0.0,0.0,0.0
standard,8.128570852593288,4.934316094714228,2.2110189252245376,,7,5,35.07519692342071,117.29123138633477,296.3290290320306,2,4,2,4,5.319608723103562,5.319608723103562,0.0,0.0,0.0,0.0
standard,10.140431406865732,5.317798585243789,2.591412484448169,,6,4,46.41308067064706,93.48469002422283,468.9007665288822,2,4,2,4,21.525912114901043,21.525912114901043,0.0,0.0,0.0,0.0
standard,21.49516633404525,6.776881341874301,2.9003816834525664,,5,8,26.3503655598193,76.07048784507465,264.7176253743193,4,8,4,8,2.513683023394125,2.513683023394125,0.0,0.0,0.0,0.0
standard,14.783258815548056,4.669275874685025,3.1406860778342516,,6,7,25.870668479321665,102.26783364916943,449.50141900464166,4,5,4,5,4.156252498462812,4.156252498462812,0.0,0.0,0.0,0.0
standard,8.393908504329321,6.546652590488836,3.0952858042841522,,4,7,45.79873637256536,69.7953272612005,374.33104341930584,2,3,2,3,4.033217584816279,4.033217584816279,0.0,0.0,0.0,0.0
standard,9.65832722719069,5.185461765319058,1.642148337188295,,9,8,27.919452578410596,78.04488980561617,454.7395332321047,2,6,2,6,15.320936660151737,15.320936660151737,0.0,0.0,0.0,0.0
standard,8.430765309296554,4.467138484236943,2.2093065825403366,,12,7,46.52063145095023,89.72891664129386,390.64920840802085,2,4,2,4,13.69730526405996,13.69730526405996,0.0,0.0,0.0,0.0
standard,12.184963861048338,6.987790511720226,2.4869087789991378,,9,7,46.18188428527879,92.28228026716835,451.24028835405244,2,5,2,5,13.182334195895285,13.182334195895285,0.0,0.0,0.0,0.0
standard,10.565596445426786,6.063934580727961,3.0648300442909067,,11,5,42.73535936065021,121.81044342911858,464.57882684596734,2,4,2,4,4.928518616544087,4.928518616544087,0.0,0.0,0.0,0.0
standard,11.330317198873296,6.308689012293976,2.484047822511879,,12,5,34.62128028479736,84.23688800395502,310.79491180591407,2,5,2,5,6.526808329442831,6.526808329442831,0.0,0.0,0.0,0.0
standard,11.877713765648238,5.406746845455263,2.402339107356823,,6,6,41.62866776552459,116.56008256977915,347.65855794375364,3,5,3,5,18.7054204198654,18.7054204198654,0.0,0.0,0.0,0.0
standard,17.07360980478051,5.113727894376225,2.6084741971881154,,12,8,39.10229985975846,89.20287672977966,343.312026431037,4,7,4,7,3.3662385447634913,3.3662385447634913,0.0,0.0,0.0,0.0
standard,9.704680915780306,6.03173212115299,2.925319371442181,,11,8,42.95167607891119,97.31485865708528,445.1482057340013,2,4,2,4,3.2946478102544,3.2946478102544,0.0,0.0,0.0,0.0
standard,9.344370626681936,4.344147269504128,2.116734801856828,,6,8,20.318711416524746,67.38065844622245,322.46509511620485,3,5,3,5,2.550036970051009,2.550036970051009,0.0,0.0,0.0,0.0
standard,10.643680757549102,6.2577083435251675,2.0082053267505007,,6,7,31.70612485057849,91.98915336041024,399.3526660277552,2,6,2,6,4.2719487055800105,4.2719487055800105,0.0,0.0,0.0,0.0
standard,8.052323409986757,6.666223271627095,3.286975923542882,,6,7,20.170052439970302,63.35508682177212,267.58099653884557,2,3,2,3,2.2541191520774255,2.2541191520774255,0.0,0.0,0.0,0.0
standard,16.368037988679255,4.661614156638728,2.7356034513620875,,5,8,48.221784827692396,96.15626933395313,346.1512912254487,4,7,4,7,2.6992790152748163,2.6992790152748163,0.0,0.0,0.0,0.0
standard,16.521496615836245,3.816293951671897,3.478631248918202,,5,8,42.65641293857303,117.94115587095776,261.40447039405376,5,5,5,5,5.07700537688355,5.07700537688355,0.0,0.0,0.0,0.0
standard,10.34865834534703,5.375227003217425,3.1729946349348035,,12,4,20.463458426268033,106.74776133552191,312.9292677861113,2,4,2,4,13.979410049401272,13.979410049401272,0.0,0.0,0.0,0.0
standard,9.459037829870589,6.595903553024504,3.2289004142692326,,9,4,44.35583940898152,129.06020775360486,325.3064802730986,2,3,2,3,15.07718731174362,15.07718731174362,0.0,0.0,0.0,0.0
standard,8.891671082454286,4.666608056295461,2.2597548385673973,,7,8,27.20769643925688,76.47224881292523,409.17119567814905,2,4,2,4,25.26693390621254,25.26693390621254,0.0,0.0,0.0,0.0
standard,20.554618066606544,6.723896142539225,3.3743594180424843,,10,8,25.08562629063306,88.75423920227719,411.4755257949118,4,7,4,7,1.721061959056743,1.721061959056743,0.0,0.0,0.0,0.0
standard,10.843646567945008,3.6068430531962363,3.4957727035001174,,5,4,40.86745984461068,111.35486113847588,426.01983873898337,4,4,4,4,1.6945262838315376,1.6945262838315376,0.0,0.0,0.0,0.0
standard,17.408025358466933,6.513820961984516,2.515266167381762,,4,8,35.04411342056897,127.72537994098667,392.4360332217926,3,7,3,7,15.218504731436964,15.218504731436964,0.0,0.0,0.0,0.0
standard,16.902074815940445,5.523455382930477,2.92510842309417,,12,8,32.918677388709376,92.99959615443386,354.9439139545865,4,6,4,6,5.150212685429409,5.150212685429409,0.0,0.0,0.0,0.0
standard,15.062834163913447,6.216337993858995,3.094698242097322,,12,6,23.941578315167668,62.586196793412796,375.7050286793116,3,5,3,5,8.668518784372074,8.668518784372074,0.0,0.0,0.0,0.0
standard,22.18694611545972,6.579194287419217,3.2274072867702466,,10,8,23.540427153417745,75.57756655185142,374.72451359760925,4,7,4,7,9.08398980472307,9.08398980472307,0.0,0.0,0.0,0.0
standard,8.438397071164406,3.793469359705748,2.0924383545138605,,4,7,33.84458359451684,93.08585226297849,253.50811338686023,3,5,3,5,2.0427166207064174,2.0427166207064174,0.0,0.0,0.0,0.0
standard,10.148499284094326,4.468203495836548,2.8648476436035013,,11,6,24.689999563960427,81.89922769529102,330.9119643118453,3,4,3,4,3.025534538862873,3.025534538862873,0.0,0.0,0.0,0.0
standard,12.20465982061328,5.815077984789889,2.8093741284772324,,10,6,32.250763914378666,73.30273519725182,331.5041003462088,3,5,3,5,2.1324229933661485,2.1324229933661485,0.0,0.0,0.0,0.0
standard,10.551484385044606,6.191931649976951,3.4932034519836197,,12,7,27.119879674476184,71.93146668307034,422.04232197005865,2,4,2,4,3.6259072950350197,3.6259072950350197,0.0,0.0,0.0,0.0
standard,13.26431996856582,5.424545171746457,3.1420983133465823,,5,5,40.698273081159,89.17776454279618,466.68349252706867,3,5,3,5,2.539211293921709,2.539211293921709,0.0,0.0,0.0,0.0
standard,10.005023386034596,4.5655193000354135,1.6423623740447453,,4,7,44.97842724592263,79.93570902086336,311.8506767771107,3,7,3,7,2.2037424452722902,2.2037424452722902,0.0,0.0,0.0,0.0
standard,14.78650360195106,6.877321243784436,2.937858745453651,,10,8,49.23115745227669,83.23352566263736,405.55548238044787,3,6,3,6,1.7140938980892455,1.7140938980892455,0.0,0.0,0.0,0.0
standard,11.574615154583782,4.434607016869844,2.637520060462412,,6,8,20.242447830234966,116.78195551976415,459.3901173078968,3,5,3,5,3.732181684663416,3.732181684663416,0.0,0.0,0.0,0.0
standard,11.329702469656128,5.57410224843521,1.9420849550953754,,7,7,20.532623230159498,123.1088933422466,252.30734260731901,3,6,3,6,6.731323893716064,6.731323893716064,0.0,0.0,0.0,0.0
standard,9.577566485175225,6.002626983877796,2.2348659925042984,,10,5,32.09870004710572,64.00066134273118,281.46060060781406,2,5,2,5,3.301589918777357,3.301589918777357,0.0,0.0,0.0,0.0
standard,13.627156357431613,6.533458342559003,3.0529748754970845,,4,6,29.096101491520564,105.4394264343294,456.2925714537677,3,5,3,5,2.402736887275701,2.402736887275701,0.0,0.0,0.0,0.0
standard,8.417174020688964,3.2259148144833425,3.141308609952657,,7,5,45.09522220421729,66.15837009944896,314.4003190623829,3,3,3,3,5.09586510125348,5.09586510125348,0.0,0.0,0.0,0.0
standard,12.55834161728702,4.097544788962208,3.0842675256919363,,6,7,40.664912560292706,62.673574115016415,407.1144807949516,4,5,4,5,1.7695805051812274,1.7695805051812274,0.0,0.0,0.0,0.0
standard,10.83533191463059,3.5903323509348284,2.8730881054284985,,8,7,21.694489683210048,69.26764733973079,410.85537667332807,4,4,4,4,4.984726341204585,4.984726341204585,0.0,0.0,0.0,0.0
standard,8.731007987464118,6.922698276951279,2.5147126374754336,,11,4,34.963638940011094,87.57096334601015,304.12419169495126,2,4,2,4,2.5736754369813224,2.5736754369813224,0.0,0.0,0.0,0.0
standard,16.154071830475573,3.257806594201311,2.935191551121666,,11,8,35.21875454134238,100.3541174429865,277.5383381033518,5,6,5,6,25.8626902285728,25.8626902285728,0.0,0.0,0.0,0.0
standard,19.08662011760307,6.487966548577322,3.1709414422331905,,11,7,21.481487979183076,86.23824280946513,464.3323388931843,3,7,3,7,17.672813195992262,17.672813195992262,0.0,0.0,0.0,0.0
standard,16.36273137103186,4.400056051070956,2.8765070507179376,,7,6,43.59187136653631,91.45164721716951,390.2211803562285,4,6,4,6,6.3543634108696985,6.3543634108696985,0.0,0.0,0.0,0.0
standard,9.725062672295518,6.178649482432248,2.5390759733972987,,8,8,40.02608611737861,68.4546646502178,477.3383668265586,2,4,2,4,7.525911009875437,7.525911009875437,0.0,0.0,0.0,0.0
standard,10.169312384362595,3.2033624044022972,2.7216107320728486,,11,7,29.63680917024402,116.40142686707452,279.5446125021242,4,4,4,4,4.644454501627435,4.644454501627435,0.0,0.0,0.0,0.0
standard,9.21953225161925,5.683237665071455,3.3073338480993906,,6,3,30.427190212789956,95.6448721539788,353.6771608158264,2,3,2,3,6.493891897844159,6.493891897844159,0.0,0.0,0.0,0.0
standard,10.781594348305434,6.906889875804616,2.281053443686126,,6,8,29.79254584918092,105.457515810295,306.54220919133894,2,5,2,5,5.311773819764824,5.311773819764824,0.0,0.0,0.0,0.0
standard,15.170869663427391,4.644153168437848,2.6413928213744486,,6,6,33.09973604837255,123.05111494001822,347.5501412470293,4,6,4,6,4.897217691378501,4.897217691378501,0.0,0.0,0.0,0.0
standard,9.12756386367275,5.348338969303674,2.962809389524367,,5,6,26.178508395473074,109.9613473337358,308.2609363744914,2,4,2,4,3.794347802368169,3.794347802368169,0.0,0.0,0.0,0.0
standard,8.830408891503808,5.800747881496908,2.105513759449514,,11,6,25.548288535912384,81.77514979566416,325.2276527502248,2,5,2,5,2.80773484540902,2.80773484540902,0.0,0.0,0.0,0.0
standard,11.948412763460778,5.6695459757347955,3.0302455475778673,,5,7,23.1200275547879,84.91797315019025,469.9309953960842,3,4,3,4,18.07030512476905,18.07030512476905,0.0,0.0,0.0,0.0
standard,12.229888068781438,4.463301906832072,2.9848787080410104,,11,7,27.344337160442432,111.84059361265994,398.47449275937845,3,5,3,5,4.450181968680026,4.450181968680026,0.0,0.0,0.0,0.0
standard,13.395159855095045,3.307136157274086,3.1043792104186623,,8,6,24.043744719048426,64.09831955246933,372.0044938521871,5,5,5,5,2.223860897507118,2.223860897507118,0.0,0.0,0.0,0.0
standard,8.922195698392693,6.971968774725061,2.0764617705339203,,6,8,25.526023062796888,74.88698927054241,367.0640329858492,2,5,2,5,2.2769785703648227,2.2769785703648227,0.0,0.0,0.0,0.0
standard,15.312143054022666,6.6337284647214965,2.4206302333359786,,10,8,21.961605102155506,95.75634233552239,338.1960661942068,3,7,3,7,2.5102401827082748,2.5102401827082748,0.0,0.0,0.0,0.0
standard,9.963711742826009,3.186238011046006,1.8147277352007425,,6,8,33.1376143877233,76.9889503303053,315.30735721488594,4,6,4,6,3.0359816513664324,3.0359816513664324,0.0,0.0,0.0,0.0
standard,18.601641180039273,5.475940733275078,2.883505781966293,,4,7,24.674104071364635,115.47152164518374,478.3267247849618,4,7,4,7,3.0848468492512335,3.0848468492512335,0.0,0.0,0.0,0.0
standard,12.859700927608419,6.389446739956169,2.8575055622386722,,4,7,41.75302459074928,72.04068946705391,287.21991643153245,3,5,3,5,2.488891511198128,2.488891511198128,0.0,0.0,0.0,0.0
standard,16.34790227144306,4.650840499611467,2.80206286893813,,4,7,41.6821090461117,106.4182292314523,441.07569222145895,4,6,4,6,7.6868968209647175,7.6868968209647175,0.0,0.0,0.0,0.0
standard,18.27321338655358,6.71674223901074,3.215282026018624,,8,8,47.669563565329106,81.38905473568472,306.8284841366592,3,6,3,6,6.136830177360034,6.136830177360034,0.0,0.0,0.0,0.0
standard,15.612967787822306,3.439226754301234,2.965329663053212,,10,6,40.53154027661645,91.17131162740233,355.58727380949915,5,6,5,6,3.257729795465332,3.257729795465332,0.0,0.0,0.0,0.0
standard,10.285267271480498,6.5150865610632795,2.6523206312305563,,7,6,41.8977577828387,78.1638322903402,435.67714375016874,2,4,2,4,9.821709331079266,9.821709331079266,0.0,0.0,0.0,0.0
standard,16.434461799381495,5.49262852926009,3.3598230021070883,,8,6,36.883733353434764,80.68503659470463,387.6615688932844,4,5,4,5,9.699216953573307,9.699216953573307,0.0,0.0,0.0,0.0
standard,13.002162945607726,5.995374435592045,2.125511127013091,,8,7,44.655743976377074,105.0790055640081,400.3336650979963,3,7,3,7,2.011570955422915,2.011570955422915,0.0,0.0,0.0,0.0
standard,23.54176332349391,3.1760695759892665,3.4893715280685544,,9,8,29.552097306958704,66.83287662287105,384.60052827959623,8,7,8,7,5.448749985074518,5.448749985074518,0.0,0.0,0.0,0.0
standard,17.71220364904776,4.365878064152284,3.4409304403699688,,8,8,20.928895992909943,62.92625239232839,270.6218464177439,5,6,5,6,1.8835963979653658,1.8835963979653658,0.0,0.0,0.0,0.0
standard,10.253535226662416,5.951979441801315,3.484475079855208,,12,6,21.660412460984595,119.61952342527952,402.35808608847833,2,3,2,3,20.135938431749917,20.135938431749917,0.0,0.0,0.0,0.0
standard,15.399534281292176,3.5109539888487027,3.440045779129869,,5,8,43.6978584788682,84.32980157386828,477.4420723922577,5,5,5,5,3.172695811798043,3.172695811798043,0.0,0.0,0.0,0.0
standard,13.023747026831073,5.229540484559458,3.0017944796475975,,4,6,41.240561984530274,80.27247381064352,327.909418816885,3,5,3,5,2.9381821460788506,2.9381821460788506,0.0,0.0,0.0,0.0
standard,14.52130002850561,6.8466109871703615,2.7172649502443478,,5,8,46.19016164171687,90.2232296700847,412.34232556635527,3,6,3,6,2.1801558265405117,2.1801558265405117,0.0,0.0,0.0,0.0
standard,16.766255452832063,4.009073509988372,3.1075657667834236,,5,6,36.200925435470495,118.53148587525783,293.1686817571516,5,6,5,6,2.557939624268867,2.557939624268867,0.0,0.0,0.0,0.0
standard,11.997020510683619,3.7858877789474024,2.9451479045940396,,4,7,37.52555518684045,119.36254115190746,335.0456304988182,4,5,4,5,1.933560176453406,1.933560176453406,0.0,0.0,0.0,0.0
standard,16.099548860531343,3.5681849623479263,2.5979106834403756,,11,7,33.580258599710625,106.48511393230606,472.4795678256834,5,7,5,7,3.0887283909626264,3.0887283909626264,0.0,0.0,0.0,0.0
standard,21.805689656285395,3.41747784333198,3.1912165282677005,,9,8,43.043508977629735,63.9274467130317,391.210224762041,7,7,7,7,7.382107355214321,7.382107355214321,0.0,0.0,0.0,0.0
standard,9.146607082697734,5.941496571799261,3.404929132380155,,6,5,20.579547714272238,83.04177468604856,374.62050632071725,2,3,2,3,4.494575852225627,4.494575852225627,0.0,0.0,0.0,0.0
standard,8.08205933175984,6.6087480132871725,2.6663752048073905,,10,5,44.14466304604236,62.933674172208704,460.09028157306045,2,4,2,4,1.6628622392569956,1.6628622392569956,0.0,0.0,0.0,0.0
standard,11.191099028041098,4.157424741005169,2.703006929666318,,10,5,34.22096564702808,77.70224211939407,268.30419601414627,3,5,3,5,3.955123222044494,3.955123222044494,0.0,0.0,0.0,0.0
standard,18.446259295546234,5.374013298581019,3.1104706136975215,,6,8,26.79592201933462,89.77257780026345,453.1182566190015,4,6,4,6,15.653391579611391,15.653391579611391,0.0,0.0,0.0,0.0
standard,11.872443848387276,4.45147325724292,2.5296205708272677,,10,8,36.144168242561335,86.0424084742717,361.46518238041716,3,5,3,5,5.7917252968601005,5.7917252968601005,0.0,0.0,0.0,0.0
standard,9.216650445929183,6.474270813135745,1.8612848476176418,,4,8,37.8215645175419,121.33233992980783,290.6596945919527,2,5,2,5,21.952157687254363,21.952157687254363,0.0,0.0,0.0,0.0
standard,20.853222535448722,3.9701736715563074,3.421244851067102,,8,8,41.195284616199636,108.98033797119163,290.0010947707291,6,7,6,7,2.170922882597388,2.170922882597388,0.0,0.0,0.0,0.0
standard,10.359812737892874,5.286461555451874,3.375104016535145,,4,4,33.253808835938415,71.92408691770393,479.6238234612228,2,4,2,4,25.123421424143118,25.123421424143118,0.0,0.0,0.0,0.0
standard,22.84224022855326,6.054086326835833,2.985024235393852,,7,8,47.19832541593466,91.32492790240198,356.5146173109099,4,8,4,8,6.848917114607261,6.848917114607261,0.0,0.0,0.0,0.0
standard,9.655940060021662,4.413462642035752,3.3206818588860463,,12,4,40.87295784723008,100.19292313879225,436.19219465597166,3,3,3,3,11.412121038054703,11.412121038054703,0.0,0.0,0.0,0.0
standard,12.841914351453497,4.653432766627542,1.7215405566450357,,10,8,49.24334820680065,100.6449466606288,444.5068647812895,3,8,3,8,5.80920292621059,5.80920292621059,0.0,0.0,0.0,0.0
standard,12.889962804747364,5.550167202722337,2.5715888880208704,,6,8,41.15106312885007,69.3031156320231,387.1957389751842,3,6,3,6,2.062365432166436,2.062365432166436,0.0,0.0,0.0,0.0
standard,17.276279987087168,6.191901471224359,3.0787495168302312,,7,6,46.535702549183824,124.64967637593865,278.6236678339392,3,6,3,6,6.765518992455435,6.765518992455435,0.0,0.0,0.0,0.0
standard,13.877448404118184,4.133846740090888,3.1526217143278146,,5,5,49.873647898982384,77.9596551477716,435.8129518494194,4,5,4,5,2.801833593997892,2.801833593997892,0.0,0.0,0.0,0.0
standard,11.889631849039535,4.937933681529848,3.007551921456361,,6,6,21.47280786078057,87.58672794355292,343.1553401341996,5,4,5,4,21.421823447953066,21.421823447953066,0.0,0.0,0.0,0.0
standard,9.808011227146558,5.1972719905148885,1.8898830214748292,,7,8,38.935079712517194,72.15865453908351,290.5174736399767,2,6,2,6,9.65160914346894,9.65160914346894,0.0,0.0,0.0,0.0
standard,9.409035510250964,4.179234028519131,2.0796228794122564,,12,5,26.716079587152024,115.44223502944246,346.02327020299435,3,5,3,5,3.105691846708967,3.105691846708967,0.0,0.0,0.0,0.0
standard,21.41008163653014,4.7505741383670355,2.9787382458828606,,9,8,40.9645877105371,85.30585460414247,389.65517721774086,5,8,5,8,2.9569644095594914,2.9569644095594914,0.0,0.0,0.0,0.0
standard,10.043486806178336,5.758659230561072,3.274666330054991,,12,4,46.90546896076157,66.57864279036414,366.50912761989326,2,4,2,4,4.22994390325021,4.22994390325021,0.0,0.0,0.0,0.0
standard,10.98901610350606,5.934538829777135,2.8138010989235887,,9,6,48.76423108558943,70.28863964144658,475.957059591747,2,4,2,4,16.548384688053925,16.548384688053925,0.0,0.0,0.0,0.0
standard,10.790297828286938,4.382032480565181,1.8837744482558552,,4,8,28.562811246865323,122.3861257808584,380.6830528827197,3,6,3,6,5.253778208846731,5.253778208846731,0.0,0.0,0.0,0.0
standard,10.031271352350775,5.340258918396145,2.380178115566842,,6,8,47.88783722732599,95.2902114706215,404.22776234762136,2,5,2,5,8.904996492679123,8.904996492679123,0.0,0.0,0.0,0.0
standard,14.48648117660886,6.657809992188076,2.5328999299226904,,4,6,49.87042683974002,119.35694420376213,441.42119253366104,3,6,3,6,4.301932697006316,4.301932697006316,0.0,0.0,0.0,0.0
standard,8.44217994742951,6.019226655211153,1.7811765442718532,,11,6,25.384320070673446,62.49843569360947,270.17028019388255,2,5,2,5,5.048158542053793,5.048158542053793,0.0,0.0,0.0,0.0
standard,9.901371181270644,6.903450620850844,3.2074966803350606,,5,4,43.26956990131653,77.02236903971624,365.961168665419,2,4,2,4,2.1139697713562686,2.1139697713562686,0.0,0.0,0.0,0.0
standard,16.90330239678815,4.518242341636801,2.905478564190782,,12,6,25.07086717886434,120.7038737605037,479.35311410730844,4,6,4,6,8.921750052765605,8.921750052765605,0.0,0.0,0.0,0.0
standard,13.850920514671184,3.7288338429511945,3.3934539032550206,,10,7,48.56515013233488,97.22467539263792,445.06645858841205,4,5,4,5,4.166461154057408,4.166461154057408,0.0,0.0,0.0,0.0
standard,9.802927147357652,6.392615424898308,3.0654923127146807,,11,7,47.778609612724196,97.28035941704834,432.3420524752927,2,4,2,4,2.6514744664584535,2.6514744664584535,0.0,0.0,0.0,0.0
standard,14.36223812466249,5.628075944182131,3.238502729401507,,9,5,33.02624271530142,102.41709521510894,418.4312840526027,3,5,3,5,3.41683939842177,3.41683939842177,0.0,0.0,0.0,0.0
standard,8.367897875851616,5.152919510519858,2.6755647561749845,,10,7,24.409774537029957,111.80718570807016,439.3869506751444,2,4,2,4,3.1494056559073034,3.1494056559073034,0.0,0.0,0.0,0.0
standard,12.631317811535713,5.538844604272624,3.2820723555733498,,8,8,46.308402758064304,124.05319800986163,380.581006396504,3,4,3,4,7.354662124565205,7.354662124565205,0.0,0.0,0.0,0.0
standard,10.43878481182486,3.0023225933831843,2.063397704063532,,9,6,30.531358405605715,111.96917119151917,278.8972830436937,4,6,4,6,2.8537578238899064,2.8537578238899064,0.0,0.0,0.0,0.0
standard,12.090308188258344,4.004174189871663,2.4811724273468343,,12,5,46.88433653600991,81.81615885429471,426.90031403321507,4,5,4,5,8.548166276238716,8.548166276238716,0.0,0.0,0.0,0.0
standard,10.540328178675875,3.387237977193896,2.293115061360269,,4,5,40.355885599277826,62.16355707997186,306.28500434744643,4,5,4,5,3.35674093119043,3.35674093119043,0.0,0.0,0.0,0.0
standard,11.789248989282875,4.723146885781684,3.016153300627469,,12,4,49.23469165506704,99.63119859352128,290.7825577082262,3,4,3,4,12.33636514280773,12.33636514280773,0.0,0.0,0.0,0.0
standard,10.45486324051526,3.837789392055165,3.2357618658613685,,12,4,34.34819408574105,107.19645100624305,336.65606086474725,3,4,3,4,4.377702545260859,4.377702545260859,0.0,0.0,0.0,0.0
standard,13.795933656848888,6.650727447262623,3.14604927397862,,7,6,48.840335321265556,84.84726318245045,365.34874412633815,3,5,3,5,2.1445716504827654,2.1445716504827654,0.0,0.0,0.0,0.0
standard,12.397285584705921,3.782228454654451,2.7471916242990515,,7,7,36.861875158473744,79.90940157856048,323.1848102120993,4,5,4,5,3.0797430563202086,3.0797430563202086,0.0,0.0,0.0,0.0
standard,9.326102138596614,6.271148500077787,2.1492495692511775,,12,5,48.05356536126247,97.31759270183412,411.5640853104448,2,5,2,5,2.9089006807345514,2.9089006807345514,0.0,0.0,0.0,0.0
standard,15.841558617841747,5.544962995917546,2.7367269389914712,,8,8,36.040912442648036,94.27213354512315,456.3682091583695,3,6,3,6,11.190729807546743,11.190729807546743,0.0,0.0,0.0,0.0
standard,12.725196936898758,3.3445730965722023,2.0094535347498295,,10,8,20.330400297186003,89.26767788811642,311.5952481149652,4,7,4,7,6.471503870745671,6.471503870745671,0.0,0.0,0.0,0.0
standard,15.341888857899187,4.086750224079623,3.1128236804670206,,6,6,33.577242061395054,68.99837098151838,302.4910480726191,4,5,4,5,17.60068635810115,17.60068635810115,0.0,0.0,0.0,0.0
standard,12.904546178296291,4.048690649349397,2.8712307530326315,,6,5,42.7208586798114,122.06955012539161,386.60623773031466,4,5,4,5,2.8254699043588225,2.8254699043588225,0.0,0.0,0.0,0.0
standard,9.549043813478956,3.1366574966791445,1.8959941166794037,,9,8,43.27882867395584,121.34816050707579,414.559648153735,4,6,4,6,2.0223500783385147,2.0223500783385147,0.0,0.0,0.0,0.0
standard,12.260731582128209,5.869792195177899,2.235330879444515,,7,7,32.60700061967662,113.78372677270355,388.8048522248131,3,6,3,6,2.6562900028399103,2.6562900028399103,0.0,0.0,0.0,0.0
standard,15.351620535969705,4.2551803611346894,2.826279139929982,,5,8,28.89498616136649,99.43286932264031,300.0075115300577,4,6,4,6,3.9321523293812044,3.9321523293812044,0.0,0.0,0.0,0.0
standard,15.032918857806086,5.0697939166647785,3.4033746874487485,,5,7,29.44096131535875,111.33979020208693,359.27627182695636,4,5,4,5,2.2144703399531958,2.2144703399531958,0.0,0.0,0.0,0.0
standard,18.39941942385866,3.1546179869587867,3.2262923822149556,,6,8,38.8761208504897,71.63710568601553,414.4290556202291,6,6,6,6,9.062253535889553,9.062253535889553,0.0,0.0,0.0,0.0
standard,8.613196534469575,5.906544579320624,2.4845890554320587,,4,6,47.92662613846667,74.55707621081717,310.1099688879475,2,4,2,4,3.0596071168539307,3.0596071168539307,0.0,0.0,0.0,0.0
standard,9.516225483017966,3.210854031447966,2.1852981860470133,,7,6,47.60323663190316,103.80157369533777,342.0252519364622,3,5,3,5,28.82420963472223,28.82420963472223,0.0,0.0,0.0,0.0
standard,9.659549106403475,6.925666626775506,2.625347050215941,,11,4,38.10736332533964,114.75778791429411,477.0222091112921,2,4,2,4,4.055097496109045,4.055097496109045,0.0,0.0,0.0,0.0
standard,8.938560556423486,6.2387445114031745,3.3215657459826002,,9,4,45.00370429287552,69.30559551825112,315.27615057556926,2,3,2,3,4.143338913252516,4.143338913252516,0.0,0.0,0.0,0.0
standard,12.099173064431042,3.2984115405155716,3.375445461612842,,7,4,36.11931944275551,62.4239416426107,375.990235009223,4,4,4,4,4.95517494196938,4.95517494196938,0.0,0.0,0.0,0.0
standard,18.498225060725325,3.130726460020121,2.699762915050267,,12,8,48.980855070848094,114.79045077804065,438.07535802010875,6,7,6,7,17.495909513442164,17.495909513442164,0.0,0.0,0.0,0.0
